Medida;fecha;Limon;Natural;Tajditas;Natural;Picante;Dulces;BBQ;Blanco;Doraditos;
Paquete 35 g;09/06/2023;30;6;13;1;19;19;25;28;29;
Paquete 35 g;17/02/2023;21;25;30;24;12;16;22;25;27;
Paquete 35 g;27/01/2023;6;28;9;5;5;6;26;11;5;
Paquete 35 g;16/06/2023;5;24;10;22;26;10;1;18;29;
Paquete 35 g;10/03/2023;21;21;8;20;9;12;14;23;8;
Paquete 35 g;24/05/2023;11;4;14;24;17;24;1;20;16;
Paquete 35 g;21/02/2023;20;26;16;1;11;24;2;10;17;
Paquete 35 g;12/03/2023;4;24;27;3;10;26;3;2;14;
Paquete 35 g;03/03/2023;17;9;6;15;12;13;21;26;3;
Paquete 35 g;20/03/2023;7;6;8;18;25;20;23;11;16;
Paquete 35 g;17/05/2023;13;12;1;22;3;26;6;17;21;
Paquete 35 g;28/05/2023;8;26;3;29;6;14;14;4;28;
Paquete 35 g;19/05/2023;11;10;25;24;8;1;20;14;13;
Paquete 35 g;09/01/2023;16;24;23;18;26;20;12;4;6;
Paquete 35 g;19/02/2023;18;14;1;28;9;6;19;12;24;
Paquete 35 g;10/02/2023;11;29;24;3;9;16;24;11;17;
Paquete 35 g;23/05/2023;30;29;25;25;15;13;7;16;22;
Paquete 35 g;29/04/2023;30;11;27;7;1;5;17;7;24;
Paquete 35 g;16/02/2023;25;28;20;6;16;30;29;5;11;
Paquete 35 g;01/07/2023;16;12;18;14;13;12;21;9;23;
Paquete 35 g;21/02/2023;11;9;15;16;27;19;23;25;27;
Paquete 35 g;30/04/2023;16;25;8;20;3;6;15;11;27;
Paquete 35 g;25/05/2023;17;12;21;9;6;27;21;23;1;
Paquete 35 g;08/02/2023;22;26;23;25;30;29;6;10;9;
Paquete 35 g;24/01/2023;20;2;8;9;7;23;15;30;16;
Paquete 35 g;23/01/2023;2;27;5;16;12;8;11;7;5;
Paquete 35 g;12/04/2023;19;7;7;16;28;14;23;20;3;
Paquete 35 g;06/06/2023;25;10;3;29;8;2;20;15;21;
Paquete 35 g;01/03/2023;7;18;10;10;11;25;13;19;2;
Paquete 35 g;18/05/2023;14;17;13;8;27;5;24;17;8;
Paquete 35 g;09/02/2023;4;4;29;29;10;26;13;6;27;
Paquete 35 g;14/02/2023;12;29;5;19;7;16;4;10;24;
Paquete 35 g;29/05/2023;24;15;18;21;9;6;12;1;18;
Paquete 35 g;14/04/2023;13;21;1;15;24;9;13;12;15;
Paquete 35 g;30/03/2023;11;12;24;13;21;13;27;19;24;
Paquete 35 g;16/04/2023;18;6;25;25;11;11;13;27;23;
Paquete 35 g;17/06/2023;25;22;19;29;1;1;19;28;22;
Paquete 35 g;02/03/2023;22;7;20;2;20;11;5;3;18;
Paquete 35 g;05/02/2023;16;20;2;6;19;24;18;27;24;
Paquete 35 g;04/02/2023;24;20;3;22;17;20;12;20;7;
Paquete 35 g;02/02/2023;8;2;2;20;14;3;26;21;26;
Paquete 35 g;24/02/2023;19;22;26;18;29;21;16;4;24;
Paquete 35 g;10/04/2023;22;29;21;24;30;26;13;10;4;
Paquete 35 g;06/05/2023;25;28;30;16;28;3;1;3;16;
Paquete 35 g;20/06/2023;16;11;8;15;28;19;16;21;4;
Paquete 35 g;07/03/2023;7;6;28;5;5;4;26;18;6;
Paquete 35 g;29/05/2023;3;26;18;27;20;6;19;18;10;
Paquete 35 g;06/03/2023;9;27;7;26;4;8;22;17;5;
Paquete 35 g;19/01/2023;5;12;8;27;8;10;17;8;28;
Paquete 35 g;10/01/2023;7;18;27;3;5;19;26;12;5;
Paquete 35 g;16/04/2023;2;23;28;27;9;3;16;3;5;
Paquete 35 g;22/06/2023;24;19;28;30;2;21;20;29;28;
Paquete 35 g;04/06/2023;1;5;27;16;7;23;17;13;16;
Paquete 35 g;14/05/2023;5;27;19;22;23;21;22;12;5;
Paquete 35 g;13/01/2023;2;7;12;24;15;9;17;1;6;
Paquete 35 g;30/06/2023;29;30;27;16;11;28;26;25;11;
Paquete 35 g;02/03/2023;17;28;26;15;14;22;15;4;21;
Paquete 35 g;17/01/2023;1;10;17;30;17;13;10;7;21;
Paquete 35 g;28/02/2023;8;9;11;8;22;13;18;12;27;
Paquete 35 g;15/01/2023;29;10;5;20;20;20;26;16;8;
Paquete 35 g;17/02/2023;15;29;4;27;30;15;3;19;28;
Paquete 35 g;14/03/2023;1;1;28;29;9;10;3;10;19;
Paquete 35 g;08/06/2023;28;6;8;9;7;24;6;4;30;
Paquete 35 g;28/01/2023;17;17;20;23;17;12;2;29;26;
Paquete 35 g;09/05/2023;20;18;12;1;24;11;8;20;18;
Paquete 35 g;02/05/2023;1;21;15;17;19;2;29;24;15;
Paquete 35 g;17/05/2023;30;11;9;7;21;18;24;7;21;
Paquete 35 g;21/05/2023;7;16;24;2;19;23;7;29;29;
Paquete 35 g;26/02/2023;17;12;13;6;10;13;24;23;12;
Paquete 35 g;27/01/2023;30;26;24;22;3;22;1;17;27;
Paquete 35 g;05/05/2023;23;15;19;14;20;5;24;14;7;
Paquete 35 g;17/06/2023;8;29;11;12;19;23;5;27;20;
Paquete 35 g;10/01/2023;16;9;19;11;21;16;29;26;20;
Paquete 35 g;08/03/2023;4;6;27;9;8;14;22;24;26;
Paquete 35 g;23/06/2023;4;30;7;2;26;25;22;13;28;
Paquete 35 g;24/05/2023;24;4;9;11;22;21;15;8;6;
Paquete 35 g;21/04/2023;8;3;2;24;18;11;23;28;15;
Paquete 35 g;01/03/2023;10;29;17;26;5;21;8;12;30;
Paquete 35 g;28/04/2023;6;20;17;19;20;6;11;29;7;
Paquete 35 g;05/01/2023;28;17;13;7;20;4;2;29;10;
Paquete 35 g;29/04/2023;5;16;10;19;25;6;25;7;14;
Paquete 35 g;04/04/2023;17;15;6;28;16;7;11;22;13;
Paquete 35 g;03/03/2023;12;27;10;5;3;12;15;30;30;
Paquete 35 g;31/01/2023;9;27;1;21;25;9;24;7;13;
Paquete 35 g;13/02/2023;19;29;21;1;1;9;17;15;22;
Paquete 35 g;06/05/2023;2;19;29;3;26;28;16;25;29;
Paquete 35 g;07/05/2023;7;12;30;20;4;23;26;21;1;
Paquete 35 g;20/04/2023;5;21;17;28;25;20;20;15;16;
Paquete 35 g;11/01/2023;30;3;20;17;5;22;9;14;11;
Paquete 35 g;06/06/2023;25;30;17;4;21;2;28;7;5;
Paquete 35 g;19/05/2023;22;17;27;28;21;3;13;2;29;
Paquete 35 g;16/06/2023;26;4;2;16;13;1;14;19;23;
Paquete 35 g;02/02/2023;10;2;22;14;4;24;10;23;2;
Paquete 35 g;14/04/2023;12;28;28;1;10;7;21;23;10;
Paquete 35 g;24/02/2023;13;8;5;18;30;6;21;11;14;
Paquete 35 g;01/05/2023;8;2;19;12;12;20;10;13;19;
Paquete 35 g;13/02/2023;29;11;23;13;22;28;8;18;3;
Paquete 35 g;23/02/2023;5;30;10;8;8;23;13;30;18;
Paquete 35 g;02/05/2023;8;1;23;22;22;5;6;5;12;
Paquete 35 g;15/04/2023;17;20;18;15;1;13;24;25;30;
Paquete 35 g;21/04/2023;8;2;3;26;2;30;9;13;9;
Paquete 35 g;26/04/2023;17;18;17;24;7;1;27;1;4;
Paquete 35 g;27/01/2023;4;26;26;9;13;29;8;15;20;
Paquete 35 g;20/04/2023;13;12;25;5;6;13;19;24;8;
Paquete 35 g;12/04/2023;24;7;10;29;27;12;17;24;28;
Paquete 35 g;26/04/2023;8;4;24;15;8;9;9;17;20;
Paquete 35 g;27/01/2023;18;3;29;30;19;26;14;19;12;
Paquete 35 g;09/06/2023;29;4;27;29;12;17;14;6;11;
Paquete 35 g;01/03/2023;13;1;23;17;29;7;15;17;7;
Paquete 35 g;23/05/2023;1;11;17;22;26;2;15;25;10;
Paquete 35 g;29/06/2023;27;18;1;6;11;2;11;14;26;
Paquete 35 g;16/02/2023;20;20;13;12;17;13;18;11;18;
Paquete 35 g;12/02/2023;29;26;17;17;21;9;23;7;26;
Paquete 35 g;24/04/2023;26;3;28;2;24;26;19;8;9;
Paquete 35 g;01/01/2023;26;22;11;24;1;22;26;26;23;
Paquete 35 g;25/05/2023;8;26;10;8;3;7;13;9;21;
Paquete 35 g;20/02/2023;24;19;25;14;1;10;19;14;4;
Paquete 35 g;27/01/2023;4;19;30;3;26;1;3;4;23;
Paquete 35 g;13/05/2023;18;14;25;15;10;30;17;14;8;
Paquete 35 g;17/04/2023;20;28;25;18;1;28;27;21;18;
Paquete 35 g;24/01/2023;28;7;19;14;6;13;23;24;29;
Paquete 35 g;23/03/2023;22;24;12;17;2;29;22;7;18;
Paquete 35 g;09/05/2023;17;17;10;15;3;16;20;6;23;
Paquete 35 g;06/02/2023;8;19;14;6;12;8;6;18;14;
Paquete 35 g;15/04/2023;12;17;26;3;30;22;11;8;19;
Paquete 35 g;24/06/2023;7;24;25;10;17;1;10;26;11;
Paquete 35 g;08/05/2023;7;8;22;6;19;30;30;2;22;
Paquete 35 g;30/04/2023;1;4;1;3;3;24;23;18;23;
Paquete 35 g;28/06/2023;6;25;30;4;5;25;12;17;26;
Paquete 35 g;30/05/2023;6;21;21;23;14;9;20;6;9;
Paquete 35 g;27/05/2023;22;17;17;26;24;15;23;26;8;
Paquete 35 g;01/05/2023;4;18;17;27;17;2;22;23;4;
Paquete 35 g;08/01/2023;19;8;7;11;11;25;9;8;28;
Paquete 35 g;30/06/2023;7;5;29;5;9;18;11;20;22;
Paquete 35 g;12/02/2023;7;23;22;25;16;14;18;13;19;
Paquete 35 g;27/02/2023;8;25;19;3;15;9;25;18;10;
Paquete 35 g;16/03/2023;3;18;2;6;15;23;1;16;12;
Paquete 35 g;13/05/2023;15;25;17;9;28;9;22;7;2;
Paquete 35 g;28/01/2023;8;4;19;1;26;8;21;7;14;
Paquete 35 g;31/05/2023;30;18;20;15;30;10;26;25;29;
Paquete 35 g;24/03/2023;14;24;16;30;17;16;19;21;13;
Paquete 35 g;08/01/2023;9;27;19;14;21;21;10;19;25;
Paquete 35 g;16/04/2023;16;9;7;14;14;19;6;3;16;
Paquete 35 g;17/02/2023;4;6;20;11;18;6;18;6;17;
Paquete 35 g;11/01/2023;15;18;24;24;14;18;30;1;25;
Paquete 35 g;29/04/2023;7;20;18;22;6;11;8;28;15;
Paquete 35 g;25/03/2023;2;30;4;21;4;25;18;10;4;
Paquete 35 g;03/05/2023;30;13;27;18;30;16;1;11;8;
Paquete 35 g;22/02/2023;16;26;12;1;5;30;26;16;17;
Paquete 35 g;11/04/2023;19;20;26;2;8;20;19;26;19;
Paquete 35 g;02/01/2023;28;14;21;25;1;27;6;5;13;
Paquete 35 g;25/01/2023;18;15;5;18;19;2;3;13;23;
Paquete 35 g;04/01/2023;7;11;5;29;22;13;4;23;8;
Paquete 35 g;28/04/2023;4;5;23;1;10;19;30;18;13;
Paquete 35 g;11/02/2023;30;27;22;3;19;1;20;15;20;
Paquete 35 g;02/06/2023;6;17;7;26;24;14;19;23;13;
Paquete 35 g;01/06/2023;13;23;5;13;3;10;21;25;14;
Paquete 35 g;13/02/2023;18;5;3;17;5;5;26;13;16;
Paquete 35 g;30/01/2023;6;8;25;23;8;17;10;8;10;
Paquete 35 g;14/02/2023;13;13;23;4;20;22;23;30;2;
Paquete 35 g;20/02/2023;28;19;26;27;30;16;30;9;12;
Paquete 35 g;20/03/2023;15;17;3;13;24;26;5;14;1;
Paquete 35 g;14/01/2023;7;11;15;22;26;26;5;26;23;
Paquete 35 g;03/05/2023;12;2;30;19;4;4;28;19;21;
Paquete 35 g;14/01/2023;17;4;14;14;29;24;28;14;19;
Paquete 35 g;28/05/2023;7;11;23;15;13;6;30;19;1;
Paquete 35 g;29/03/2023;17;21;7;4;20;27;19;5;9;
Paquete 35 g;09/04/2023;22;21;18;2;26;24;9;10;29;
Paquete 35 g;19/01/2023;27;28;9;26;12;23;14;30;19;
Paquete 35 g;24/03/2023;21;11;30;29;14;1;8;5;9;
Paquete 35 g;15/04/2023;19;12;3;12;13;2;22;8;18;
Paquete 35 g;01/05/2023;2;2;28;19;4;30;26;5;8;
Paquete 35 g;27/03/2023;29;1;25;8;20;17;5;3;19;
Paquete 35 g;09/01/2023;24;25;1;17;27;24;1;21;8;
Paquete 35 g;13/02/2023;10;28;22;5;19;13;11;12;15;
Paquete 35 g;26/06/2023;17;16;2;16;23;23;8;15;8;
Paquete 35 g;11/01/2023;13;15;24;6;28;27;24;19;24;
Paquete 35 g;08/04/2023;28;24;29;24;3;12;25;12;3;
Paquete 35 g;24/04/2023;21;6;10;28;5;27;2;6;24;
Paquete 35 g;03/05/2023;18;5;21;7;7;24;23;1;24;
Paquete 35 g;13/06/2023;3;16;4;12;19;27;28;17;9;
Paquete 35 g;15/01/2023;18;3;21;20;7;4;14;6;15;
Paquete 35 g;04/04/2023;12;23;5;28;20;16;9;13;17;
Paquete 35 g;27/03/2023;16;1;13;5;15;20;16;17;30;
Paquete 35 g;12/01/2023;19;9;15;21;30;3;16;17;8;
Paquete 35 g;22/05/2023;18;19;24;3;26;6;23;24;17;
Paquete 35 g;18/01/2023;3;10;4;11;27;4;18;6;14;
Paquete 35 g;06/04/2023;16;3;1;17;3;15;22;15;5;
Paquete 35 g;25/01/2023;18;15;26;15;29;13;12;19;16;
Paquete 35 g;25/06/2023;8;17;11;4;7;19;16;24;25;
Paquete 35 g;08/04/2023;27;1;16;29;2;8;1;5;3;
Paquete 35 g;20/04/2023;13;23;18;5;5;9;21;23;5;
Paquete 35 g;23/03/2023;20;1;2;8;3;14;2;21;27;
Paquete 35 g;17/06/2023;24;18;10;25;1;1;9;12;25;
Paquete 35 g;21/03/2023;28;19;27;22;8;20;7;25;26;
Paquete 35 g;11/01/2023;29;23;8;23;19;16;26;22;2;
Paquete 35 g;07/04/2023;26;21;8;10;21;4;15;2;30;
Paquete 35 g;13/05/2023;26;6;11;21;13;11;20;23;21;
Paquete 35 g;20/06/2023;20;23;4;19;9;6;27;19;4;
Paquete 35 g;06/05/2023;16;28;21;25;9;22;23;5;11;
Paquete 35 g;29/05/2023;21;8;29;11;22;24;7;7;8;
Paquete 35 g;02/03/2023;30;22;8;25;15;17;22;10;5;
Paquete 35 g;04/04/2023;12;2;1;12;16;17;1;29;5;
Paquete 35 g;30/06/2023;17;18;26;8;8;2;3;4;13;
Paquete 35 g;08/03/2023;11;22;1;17;14;20;19;16;19;
Paquete 35 g;15/02/2023;15;16;26;19;19;5;1;21;3;
Paquete 35 g;14/03/2023;17;8;26;1;12;25;18;1;4;
Paquete 35 g;27/05/2023;20;17;8;14;15;16;17;24;28;
Paquete 35 g;03/06/2023;23;30;20;16;16;30;13;30;3;
Paquete 35 g;04/01/2023;20;6;5;6;30;3;5;10;30;
Paquete 35 g;16/02/2023;28;23;13;2;20;11;28;23;29;
Paquete 35 g;22/06/2023;29;13;21;18;9;12;11;8;28;
Paquete 35 g;03/04/2023;18;14;29;1;29;12;8;8;1;
Paquete 35 g;01/01/2023;12;15;23;3;1;29;28;2;11;
Paquete 35 g;02/06/2023;9;10;16;17;20;26;20;13;11;
Paquete 35 g;12/03/2023;27;29;12;9;30;12;12;11;17;
Paquete 35 g;08/01/2023;23;8;25;18;14;29;7;11;16;
Paquete 35 g;06/05/2023;20;20;1;24;8;15;1;28;3;
Paquete 35 g;18/05/2023;17;25;26;1;8;26;26;13;27;
Paquete 35 g;17/04/2023;24;9;11;5;30;30;7;25;23;
Paquete 35 g;26/01/2023;28;3;20;1;8;30;13;24;30;
Paquete 35 g;08/05/2023;26;24;17;27;22;1;12;9;27;
Paquete 35 g;11/02/2023;4;6;26;2;8;16;21;9;15;
Paquete 35 g;04/03/2023;26;24;21;25;15;5;23;4;27;
Paquete 35 g;27/03/2023;10;20;7;27;11;9;30;11;10;
Paquete 35 g;24/01/2023;17;13;28;28;8;25;20;4;27;
Paquete 35 g;17/04/2023;7;28;23;28;9;25;3;14;13;
Paquete 35 g;17/01/2023;30;4;25;4;15;23;26;24;15;
Paquete 35 g;13/01/2023;8;30;11;16;24;24;11;7;11;
Paquete 35 g;02/02/2023;16;13;19;11;21;23;28;17;10;
Paquete 35 g;01/04/2023;13;7;15;27;5;21;6;29;12;
Paquete 35 g;17/05/2023;3;19;15;20;11;28;16;23;30;
Paquete 35 g;28/04/2023;13;14;2;10;26;19;27;27;16;
Paquete 35 g;28/01/2023;8;28;1;30;27;1;22;14;3;
Paquete 35 g;25/04/2023;12;7;30;14;16;9;23;8;19;
Paquete 35 g;30/04/2023;12;22;9;11;29;17;7;19;5;
Paquete 35 g;21/04/2023;21;15;14;9;4;11;22;16;12;
Paquete 35 g;11/02/2023;30;27;2;10;5;28;28;29;26;
Paquete 35 g;13/03/2023;9;19;26;14;4;22;27;24;2;
Paquete 35 g;08/02/2023;11;12;4;27;21;29;9;23;6;
Paquete 35 g;11/02/2023;20;18;12;18;9;23;10;9;17;
Paquete 35 g;07/06/2023;1;17;8;14;19;4;14;23;11;
Paquete 35 g;17/03/2023;21;7;1;16;12;25;28;4;12;
Paquete 35 g;17/03/2023;6;18;11;13;24;19;28;13;15;
Paquete 35 g;21/03/2023;27;12;24;7;4;25;5;15;16;
Paquete 35 g;01/07/2023;19;28;30;11;24;24;9;22;2;
Paquete 35 g;14/01/2023;29;20;12;30;12;13;8;20;5;
Paquete 35 g;17/02/2023;9;25;15;6;5;1;4;16;3;
Paquete 35 g;25/01/2023;20;15;26;7;4;8;25;4;11;
Paquete 35 g;30/06/2023;26;19;1;16;18;27;3;18;26;
Paquete 35 g;21/05/2023;24;7;29;29;18;25;3;15;24;
Paquete 35 g;06/04/2023;18;29;27;7;18;9;26;11;23;
Paquete 35 g;05/01/2023;13;5;23;5;18;21;25;7;14;
Paquete 35 g;09/05/2023;6;19;1;16;24;15;28;18;20;
Paquete 35 g;28/01/2023;9;20;22;1;12;1;19;17;14;
Paquete 35 g;18/01/2023;6;13;17;6;15;5;17;30;1;
Paquete 35 g;24/03/2023;30;16;24;3;9;25;17;20;15;
Paquete 35 g;11/01/2023;9;13;12;30;24;8;28;1;15;
Paquete 35 g;06/03/2023;10;4;9;8;28;14;14;10;12;
Paquete 35 g;21/02/2023;22;2;24;21;20;10;13;2;25;
Paquete 35 g;04/02/2023;4;30;28;17;7;27;30;19;26;
Paquete 35 g;15/04/2023;19;29;3;20;18;5;6;22;15;
Paquete 35 g;09/04/2023;18;18;26;23;7;2;30;12;3;
Paquete 35 g;19/02/2023;17;1;7;4;8;14;19;12;17;
Paquete 35 g;14/03/2023;24;5;17;29;27;20;15;29;10;
Paquete 35 g;18/03/2023;28;21;19;22;25;19;18;14;17;
Paquete 35 g;07/06/2023;11;16;24;22;11;16;17;17;30;
Paquete 35 g;02/06/2023;6;5;5;27;8;16;28;8;10;
Paquete 35 g;30/01/2023;24;21;17;20;22;2;13;30;7;
Paquete 35 g;27/01/2023;28;14;12;18;30;8;28;18;24;
Paquete 35 g;01/04/2023;23;13;10;21;23;25;1;8;10;
Paquete 35 g;17/05/2023;12;12;3;26;24;30;15;10;23;
Paquete 35 g;08/02/2023;8;17;12;25;23;19;13;14;23;
Paquete 35 g;17/05/2023;25;14;26;4;17;17;26;10;2;
Paquete 35 g;25/04/2023;24;2;23;1;1;20;22;2;21;
Paquete 35 g;17/06/2023;2;5;2;16;20;1;20;9;12;
Paquete 35 g;15/05/2023;14;26;10;23;24;2;23;6;13;
Paquete 35 g;16/04/2023;17;21;30;3;4;14;15;3;29;
Paquete 35 g;29/06/2023;24;5;12;5;10;6;18;14;8;
Paquete 35 g;13/05/2023;17;12;14;9;29;13;6;18;30;
Paquete 35 g;01/07/2023;1;19;24;28;21;24;27;21;17;
Paquete 35 g;09/01/2023;22;26;29;14;4;19;17;9;12;
Paquete 35 g;23/06/2023;18;29;22;12;9;25;8;6;14;
Paquete 35 g;26/05/2023;6;9;3;26;23;15;27;23;15;
Paquete 35 g;24/05/2023;17;10;24;22;5;3;8;7;19;
Paquete 35 g;16/01/2023;20;9;4;1;21;19;18;18;9;
Paquete 35 g;07/05/2023;26;27;2;21;27;9;26;7;9;
Paquete 35 g;30/01/2023;28;23;21;27;19;4;21;16;24;
Paquete 35 g;07/01/2023;16;4;8;11;21;28;12;25;24;
Paquete 35 g;06/06/2023;29;16;9;2;23;21;24;18;11;
Paquete 35 g;09/04/2023;8;16;27;26;27;21;12;25;16;
Paquete 35 g;07/01/2023;29;3;19;4;24;12;5;10;22;
Paquete 35 g;17/05/2023;30;19;23;17;17;25;21;30;4;
Paquete 35 g;17/05/2023;7;4;20;1;20;11;25;27;3;
Paquete 35 g;27/05/2023;25;8;23;30;30;24;12;19;9;
Paquete 35 g;27/01/2023;14;20;2;15;26;7;17;22;7;
Paquete 35 g;26/04/2023;23;8;30;5;29;16;29;12;8;
Paquete 35 g;20/03/2023;17;8;23;18;12;19;23;24;13;
Paquete 35 g;25/02/2023;17;27;5;11;19;29;28;28;22;
Paquete 35 g;05/06/2023;5;13;14;19;9;11;27;1;19;
Paquete 35 g;12/05/2023;9;2;15;14;25;26;15;17;11;
Paquete 35 g;25/02/2023;22;24;28;1;30;23;17;20;1;
Paquete 35 g;17/01/2023;16;3;5;28;28;18;10;22;26;
Paquete 35 g;19/02/2023;4;28;19;15;21;30;11;12;5;
Paquete 35 g;21/02/2023;27;9;4;25;23;11;28;1;4;
Paquete 35 g;04/05/2023;9;24;10;23;30;15;17;11;27;
Paquete 35 g;08/04/2023;27;5;27;27;4;2;29;9;8;
Paquete 35 g;22/05/2023;6;30;12;28;27;9;4;29;9;
Paquete 35 g;23/04/2023;2;25;9;9;21;30;25;11;14;
Paquete 35 g;02/03/2023;28;23;11;7;24;13;12;5;28;
Paquete 35 g;21/02/2023;27;30;21;27;17;8;13;15;3;
Paquete 35 g;22/06/2023;14;22;12;4;20;5;19;1;7;
Paquete 35 g;07/03/2023;8;29;23;18;9;28;4;26;7;
Paquete 35 g;18/02/2023;10;4;6;8;18;4;18;19;20;
Paquete 35 g;04/01/2023;15;7;2;10;25;26;9;22;21;
Paquete 35 g;24/03/2023;8;28;6;15;11;30;20;25;5;
Paquete 35 g;21/04/2023;2;24;29;12;20;1;25;26;15;
Paquete 35 g;01/07/2023;9;14;14;20;25;9;28;2;22;
Paquete 35 g;19/05/2023;7;26;1;19;24;22;24;19;22;
Paquete 35 g;02/01/2023;15;30;5;4;17;26;18;14;9;
Paquete 35 g;14/05/2023;23;14;25;18;24;20;22;26;25;
Paquete 35 g;14/03/2023;15;9;9;6;8;13;19;7;2;
Paquete 35 g;22/05/2023;5;20;19;23;13;21;15;20;6;
Paquete 35 g;13/03/2023;4;4;29;30;5;3;16;24;20;
Paquete 35 g;04/04/2023;24;4;23;15;14;7;18;9;23;
Paquete 35 g;05/02/2023;26;5;28;17;28;21;9;5;24;
Paquete 35 g;28/02/2023;5;29;6;6;29;18;24;22;29;
Paquete 35 g;29/04/2023;1;17;10;26;13;10;1;12;3;
Paquete 35 g;29/01/2023;7;30;26;9;12;16;28;1;25;
Paquete 35 g;06/06/2023;28;17;24;1;12;18;22;8;3;
Paquete 35 g;26/06/2023;8;30;27;17;28;10;10;28;13;
Paquete 35 g;25/01/2023;28;26;24;23;5;8;16;15;22;
Paquete 35 g;28/03/2023;4;26;27;12;14;16;18;15;6;
Paquete 35 g;20/05/2023;9;9;15;18;2;17;4;23;2;
Paquete 35 g;01/03/2023;15;15;15;3;12;20;6;12;5;
Paquete 35 g;03/06/2023;13;5;10;5;7;24;18;25;5;
Paquete 35 g;14/06/2023;18;5;15;21;10;18;17;13;8;
Paquete 35 g;07/03/2023;3;11;22;30;28;28;10;20;7;
Paquete 35 g;28/03/2023;21;28;2;14;6;9;13;2;23;
Paquete 35 g;11/05/2023;30;12;19;21;20;7;26;29;27;
Paquete 35 g;11/06/2023;30;19;29;10;25;10;26;2;28;
Paquete 35 g;29/03/2023;10;5;9;24;2;8;25;22;9;
Paquete 35 g;01/05/2023;16;26;16;30;10;24;8;21;8;
Paquete 35 g;27/04/2023;17;28;30;19;30;16;9;25;27;
Paquete 35 g;14/04/2023;8;27;27;24;23;2;27;28;10;
Paquete 35 g;27/02/2023;30;2;17;4;26;5;15;28;2;
Paquete 35 g;26/06/2023;23;15;30;16;28;22;27;26;17;
Paquete 35 g;03/02/2023;17;13;30;2;15;17;16;8;6;
Paquete 35 g;11/01/2023;30;17;25;7;26;27;16;20;7;
Paquete 35 g;26/05/2023;3;29;27;5;14;19;17;11;1;
Paquete 35 g;02/01/2023;30;26;13;5;13;14;1;21;29;
Paquete 35 g;08/01/2023;24;9;30;3;10;23;15;3;22;
Paquete 35 g;22/05/2023;26;18;8;16;22;15;15;24;26;
Paquete 35 g;14/06/2023;19;25;29;20;23;4;5;21;2;
Paquete 35 g;19/06/2023;4;18;1;4;9;1;3;27;29;
Paquete 35 g;06/04/2023;3;2;28;18;20;15;13;5;14;
Paquete 35 g;28/05/2023;22;12;9;21;6;7;20;6;26;
Paquete 35 g;02/03/2023;5;15;30;16;2;9;2;26;30;
Paquete 35 g;21/02/2023;25;27;9;15;15;16;29;10;22;
Paquete 35 g;14/06/2023;26;2;22;28;17;22;21;30;10;
Paquete 35 g;12/01/2023;20;24;14;10;25;4;14;29;14;
Paquete 35 g;27/04/2023;16;2;28;7;30;7;6;22;12;
Paquete 35 g;13/06/2023;25;19;11;9;20;15;23;23;2;
Paquete 35 g;20/03/2023;5;3;13;14;5;1;4;26;17;
Paquete 35 g;09/05/2023;29;9;21;11;16;1;27;6;29;
Paquete 35 g;19/01/2023;4;11;22;19;16;26;4;12;25;
Paquete 35 g;02/04/2023;21;4;9;28;7;25;10;26;6;
Paquete 35 g;14/05/2023;4;29;11;12;7;18;21;18;21;
Paquete 35 g;11/06/2023;15;26;22;22;23;23;18;24;25;
Paquete 35 g;14/03/2023;30;11;11;10;9;29;27;4;4;
Paquete 35 g;29/03/2023;4;26;29;16;30;26;29;10;24;
Paquete 35 g;25/03/2023;27;3;17;18;10;14;7;24;22;
Paquete 35 g;18/01/2023;25;8;26;24;1;26;16;4;27;
Paquete 35 g;01/05/2023;1;7;20;4;5;1;25;20;13;
Paquete 35 g;10/01/2023;19;18;11;19;30;28;1;12;20;
Paquete 35 g;18/06/2023;13;9;13;23;25;17;29;27;5;
Paquete 35 g;20/03/2023;12;2;12;25;22;29;28;11;3;
Paquete 35 g;10/01/2023;16;14;7;11;9;8;18;1;5;
Paquete 35 g;26/06/2023;22;27;9;19;27;16;30;28;22;
Paquete 35 g;16/01/2023;5;19;21;20;17;21;2;29;4;
Paquete 35 g;03/03/2023;19;30;20;17;21;28;8;11;30;
Paquete 35 g;17/04/2023;27;12;14;11;8;27;6;13;20;
Paquete 35 g;25/02/2023;23;4;26;26;14;1;25;7;14;
Paquete 35 g;02/03/2023;1;27;6;26;29;26;29;21;27;
Paquete 35 g;10/01/2023;13;3;10;13;13;6;27;2;25;
Paquete 35 g;16/01/2023;20;23;30;23;1;22;2;5;10;
Paquete 35 g;15/04/2023;8;18;5;29;19;4;25;27;1;
Paquete 35 g;12/06/2023;29;4;19;5;14;4;10;15;14;
Paquete 35 g;12/05/2023;7;12;13;27;19;21;12;2;30;
Paquete 35 g;22/01/2023;27;23;6;9;22;22;9;17;12;
Paquete 35 g;09/03/2023;8;2;13;29;3;30;18;20;29;
Paquete 35 g;16/05/2023;2;12;24;12;30;29;5;29;23;
Paquete 35 g;30/01/2023;17;17;10;18;28;15;21;25;18;
Paquete 35 g;14/01/2023;6;16;30;12;24;3;19;8;19;
Paquete 35 g;18/03/2023;23;21;28;11;18;8;29;1;23;
Paquete 35 g;30/03/2023;25;10;14;27;18;24;26;14;20;
Paquete 35 g;21/02/2023;26;7;14;10;15;28;30;9;20;
Paquete 35 g;12/01/2023;2;2;29;16;11;18;20;21;15;
Paquete 35 g;19/06/2023;6;19;24;10;29;19;5;23;15;
Paquete 35 g;02/03/2023;26;15;25;21;15;23;9;7;17;
Paquete 35 g;18/01/2023;18;11;22;6;9;7;24;2;8;
Paquete 35 g;08/03/2023;13;11;1;29;18;30;19;13;21;
Paquete 35 g;16/06/2023;23;18;20;19;28;15;2;29;1;
Paquete 35 g;25/01/2023;4;19;9;18;1;24;10;17;20;
Paquete 35 g;13/05/2023;5;1;4;19;28;2;3;13;3;
Paquete 35 g;01/07/2023;6;28;22;24;9;3;30;3;5;
Paquete 35 g;19/03/2023;19;24;19;7;8;14;2;2;12;
Paquete 35 g;09/01/2023;6;21;4;11;10;4;9;6;17;
Paquete 35 g;21/03/2023;30;4;23;20;13;14;27;23;10;
Paquete 35 g;05/05/2023;15;14;22;7;25;19;29;4;12;
Paquete 35 g;07/02/2023;26;17;21;21;10;12;16;5;28;
Paquete 35 g;20/01/2023;15;20;17;22;19;26;5;5;29;
Paquete 35 g;24/04/2023;9;25;23;30;18;1;6;22;30;
Paquete 35 g;02/03/2023;23;2;1;7;2;1;14;14;20;
Paquete 35 g;13/06/2023;24;1;23;2;28;28;8;15;12;
Paquete 35 g;18/04/2023;26;25;30;6;18;4;8;27;5;
Paquete 35 g;15/04/2023;24;20;10;24;19;20;26;24;8;
Paquete 35 g;24/06/2023;26;28;20;24;6;30;25;5;4;
Paquete 35 g;03/03/2023;17;25;14;20;16;6;15;3;14;
Paquete 35 g;06/02/2023;21;25;7;2;19;7;8;7;27;
Paquete 35 g;18/05/2023;24;25;15;6;20;18;23;17;2;
Paquete 35 g;12/04/2023;26;2;11;16;4;22;28;21;1;
Paquete 35 g;08/03/2023;9;20;26;16;17;19;18;19;26;
Paquete 35 g;04/04/2023;20;21;27;19;14;22;26;27;30;
Paquete 35 g;24/05/2023;17;11;15;6;28;1;20;14;5;
Paquete 35 g;27/02/2023;3;14;24;8;15;13;22;4;3;
Paquete 35 g;08/06/2023;14;29;15;1;11;18;1;20;7;
Paquete 35 g;09/05/2023;15;19;25;17;14;23;17;18;28;
Paquete 35 g;26/04/2023;5;24;27;3;16;15;6;19;1;
Paquete 35 g;02/02/2023;24;13;6;14;7;2;10;2;12;
Paquete 35 g;07/02/2023;19;3;1;30;4;29;15;10;5;
Paquete 35 g;18/03/2023;25;15;10;5;10;4;22;13;20;
Paquete 35 g;07/01/2023;26;12;30;22;10;30;1;8;27;
Paquete 35 g;25/03/2023;11;1;4;27;29;15;16;4;17;
Paquete 35 g;18/05/2023;1;15;20;12;30;5;11;10;24;
Paquete 35 g;30/03/2023;7;15;13;20;4;11;10;8;6;
Paquete 35 g;02/03/2023;21;1;11;24;23;18;14;20;23;
Paquete 35 g;24/01/2023;2;3;18;7;1;7;23;23;12;
Paquete 35 g;05/02/2023;15;29;11;28;10;8;27;24;20;
Paquete 35 g;07/05/2023;15;18;28;28;30;10;21;26;3;
Paquete 35 g;03/05/2023;15;30;13;5;3;23;1;19;25;
Paquete 35 g;03/06/2023;24;3;21;30;13;16;16;30;8;
Paquete 35 g;29/04/2023;28;18;11;21;27;11;23;11;10;
Paquete 35 g;19/05/2023;28;11;8;13;28;13;23;3;20;
Paquete 35 g;06/05/2023;19;7;19;6;15;7;5;1;10;
Paquete 35 g;17/04/2023;30;4;23;21;14;12;23;13;6;
Paquete 35 g;28/04/2023;16;2;20;5;1;4;4;7;13;
Paquete 35 g;04/02/2023;4;5;4;10;24;1;5;7;27;
Paquete 35 g;01/01/2023;13;10;9;13;1;11;6;30;15;
Paquete 35 g;26/02/2023;2;23;8;10;19;3;22;20;17;
Paquete 35 g;15/05/2023;5;26;23;16;2;12;3;4;16;
Paquete 35 g;23/03/2023;12;3;11;24;3;28;15;20;4;
Paquete 35 g;03/01/2023;24;30;20;17;7;11;16;11;3;
Paquete 35 g;09/04/2023;24;25;23;25;4;24;8;28;29;
Paquete 35 g;28/05/2023;12;19;20;30;14;27;22;26;9;
Paquete 35 g;15/02/2023;14;1;2;5;20;29;3;14;16;
Paquete 35 g;13/03/2023;15;1;17;10;26;26;20;6;23;
Paquete 35 g;30/01/2023;27;24;21;6;10;4;26;14;10;
Paquete 35 g;10/06/2023;8;24;24;7;20;14;9;20;30;
Paquete 35 g;08/04/2023;28;26;30;16;27;28;16;18;7;
Paquete 35 g;17/02/2023;10;6;30;15;19;26;6;15;14;
Paquete 35 g;06/04/2023;5;24;2;12;23;27;10;19;29;
Paquete 35 g;25/04/2023;6;12;28;6;23;22;4;12;17;
Paquete 35 g;16/06/2023;14;5;16;20;10;17;4;26;11;
Paquete 35 g;19/02/2023;12;9;12;20;3;5;7;3;21;
Paquete 35 g;04/05/2023;2;1;2;16;21;13;16;22;14;
Paquete 35 g;17/05/2023;18;30;11;22;20;14;11;24;26;
Paquete 35 g;04/01/2023;19;7;4;30;7;19;24;23;24;
Paquete 35 g;26/06/2023;22;3;11;15;29;26;11;10;5;
Paquete 35 g;22/06/2023;30;24;1;3;5;5;23;6;18;
Paquete 35 g;16/06/2023;3;30;20;11;28;16;18;17;22;
Paquete 35 g;03/04/2023;6;12;5;10;16;12;7;23;1;
Paquete 35 g;14/03/2023;25;12;16;17;22;4;11;26;10;
Paquete 35 g;06/05/2023;2;19;25;6;6;8;15;11;20;
Paquete 35 g;25/05/2023;18;26;6;16;14;2;25;12;3;
Paquete 35 g;26/03/2023;22;4;14;10;28;10;12;19;26;
Paquete 35 g;06/05/2023;3;1;21;17;30;30;1;8;18;
Paquete 35 g;18/04/2023;19;14;28;25;26;3;20;2;17;
Paquete 35 g;03/03/2023;24;28;23;23;10;8;15;5;12;
Paquete 35 g;20/03/2023;20;3;25;20;21;9;21;7;3;
Paquete 35 g;08/02/2023;2;1;12;29;29;25;11;7;19;
Paquete 35 g;08/06/2023;27;8;20;23;28;26;9;13;1;
Paquete 35 g;22/04/2023;2;9;8;26;14;14;18;11;6;
Paquete 35 g;31/03/2023;1;3;9;16;5;12;17;24;19;
Paquete 35 g;29/04/2023;14;22;21;24;11;12;5;10;8;
Paquete 35 g;27/01/2023;10;2;10;14;21;28;10;18;11;
Paquete 35 g;30/04/2023;4;20;8;18;11;28;10;15;8;
Paquete 35 g;21/03/2023;7;24;15;13;6;10;4;6;27;
Paquete 35 g;18/04/2023;8;18;10;26;18;11;24;23;3;
Paquete 35 g;02/06/2023;9;12;10;25;27;18;5;7;19;
Paquete 35 g;30/06/2023;25;6;25;3;25;7;30;7;7;
Paquete 35 g;26/03/2023;30;2;25;13;11;4;20;16;11;
Paquete 35 g;02/01/2023;26;14;25;19;2;21;9;6;18;
Paquete 35 g;28/05/2023;1;16;14;28;1;5;29;12;1;
Paquete 35 g;04/05/2023;28;29;1;14;21;28;12;12;10;
Paquete 35 g;20/04/2023;11;24;11;17;9;17;4;9;4;
Paquete 35 g;19/02/2023;9;13;28;26;13;25;26;1;25;
Paquete 35 g;14/01/2023;15;12;10;30;25;13;6;2;22;
Paquete 35 g;20/05/2023;6;17;26;28;2;22;21;1;11;
Paquete 35 g;01/03/2023;13;3;26;6;4;25;12;26;1;
Paquete 35 g;09/01/2023;19;7;3;5;30;19;17;23;7;
Paquete 35 g;03/03/2023;28;1;7;19;22;8;22;12;28;
Paquete 35 g;04/01/2023;27;8;19;20;14;18;13;19;12;
Paquete 35 g;24/02/2023;13;10;6;22;8;19;27;4;14;
Paquete 35 g;14/01/2023;3;18;15;17;7;22;17;17;20;
Paquete 35 g;07/04/2023;21;21;16;22;4;10;18;25;11;
Paquete 35 g;11/06/2023;13;14;7;2;14;17;21;21;10;
Paquete 35 g;19/05/2023;28;27;14;20;1;12;27;18;12;
Paquete 35 g;02/03/2023;19;20;24;14;29;14;18;7;7;
Paquete 35 g;12/05/2023;1;20;26;19;15;14;3;1;1;
Paquete 35 g;05/01/2023;23;4;13;25;28;3;1;18;11;
Paquete 35 g;16/05/2023;26;23;16;26;28;19;28;10;6;
Paquete 35 g;11/04/2023;29;29;14;26;3;4;23;16;18;
Paquete 35 g;06/06/2023;15;4;3;29;21;8;21;19;5;
Paquete 35 g;11/02/2023;27;4;12;30;18;10;22;15;11;
Paquete 35 g;05/01/2023;10;18;7;13;9;21;7;6;3;
Paquete 35 g;15/01/2023;12;2;28;28;18;23;13;24;6;
Paquete 35 g;11/01/2023;16;16;11;2;27;5;21;26;12;
Paquete 35 g;08/03/2023;13;16;21;23;14;5;23;23;6;
Paquete 35 g;25/06/2023;8;29;15;2;29;8;12;9;13;
Paquete 35 g;16/04/2023;12;9;22;16;18;28;2;1;23;
Paquete 35 g;25/03/2023;16;28;21;8;28;24;27;7;13;
Paquete 35 g;24/02/2023;8;2;23;12;24;3;4;3;2;
Paquete 35 g;08/01/2023;30;5;28;15;10;11;23;1;14;
Paquete 35 g;20/01/2023;27;26;8;5;30;9;14;9;29;
Paquete 35 g;04/04/2023;4;16;16;3;16;2;25;3;19;
Paquete 35 g;07/03/2023;10;7;22;5;18;8;15;6;12;
Paquete 35 g;08/01/2023;6;30;13;9;29;2;10;14;20;
Paquete 35 g;10/04/2023;7;4;22;9;30;8;14;23;8;
Paquete 35 g;03/05/2023;8;11;6;27;16;4;1;24;27;
Paquete 35 g;25/03/2023;23;29;7;20;24;7;17;25;20;
Paquete 35 g;21/03/2023;19;30;1;30;14;3;29;1;21;
Paquete 35 g;04/05/2023;30;23;2;15;1;2;9;11;24;
Paquete 35 g;14/03/2023;26;18;30;25;22;8;17;13;20;
Paquete 35 g;27/04/2023;11;19;29;9;10;26;10;3;2;
Paquete 35 g;08/05/2023;16;29;10;12;8;13;7;2;19;
Paquete 35 g;01/02/2023;8;25;10;27;23;8;28;22;2;
Paquete 35 g;02/04/2023;29;6;11;2;10;4;6;26;8;
Paquete 35 g;15/04/2023;24;12;30;21;15;13;6;24;8;
Paquete 35 g;16/01/2023;4;24;9;20;30;2;9;22;6;
Paquete 35 g;22/02/2023;14;15;20;10;26;14;23;14;23;
Paquete 35 g;01/03/2023;13;25;17;7;29;15;20;26;28;
Paquete 35 g;08/02/2023;16;16;26;28;26;30;18;26;23;
Paquete 35 g;02/06/2023;19;18;27;25;29;30;16;4;10;
Paquete 35 g;26/06/2023;29;30;13;12;9;19;26;21;6;
Paquete 35 g;24/03/2023;23;14;21;22;15;11;2;12;29;
Paquete 35 g;30/04/2023;14;15;24;12;19;13;24;6;29;
Paquete 35 g;21/02/2023;4;25;29;2;30;30;1;5;6;
Paquete 35 g;13/06/2023;17;4;5;24;28;21;15;25;28;
Paquete 35 g;03/03/2023;18;8;11;4;26;14;5;4;10;
Paquete 35 g;18/01/2023;5;11;3;5;23;26;19;14;28;
Paquete 35 g;05/01/2023;23;9;6;25;19;2;9;30;5;
Paquete 35 g;22/05/2023;19;16;15;19;28;11;2;8;19;
Paquete 35 g;15/02/2023;12;7;29;29;17;14;15;17;27;
Paquete 35 g;14/02/2023;8;7;6;22;14;24;30;19;15;
Paquete 35 g;22/06/2023;17;6;11;7;6;7;22;29;4;
Paquete 35 g;26/04/2023;9;26;5;14;11;30;15;22;22;
Paquete 35 g;13/05/2023;3;21;10;8;2;19;23;15;23;
Paquete 35 g;21/02/2023;4;2;20;9;18;17;25;11;26;
Paquete 35 g;06/05/2023;9;3;19;5;5;4;2;1;5;
Paquete 35 g;18/02/2023;29;2;7;15;23;4;26;30;10;
Paquete 35 g;04/03/2023;11;23;13;3;5;13;25;20;24;
Paquete 35 g;18/03/2023;20;28;23;24;4;18;13;24;3;
Paquete 35 g;28/02/2023;13;8;18;26;19;27;8;16;30;
Paquete 35 g;09/06/2023;12;7;27;20;10;20;27;20;9;
Paquete 35 g;31/03/2023;2;10;27;22;22;23;7;12;16;
Paquete 35 g;03/03/2023;6;14;16;23;1;29;14;6;29;
Paquete 35 g;26/01/2023;22;12;27;4;6;5;28;9;17;
Paquete 35 g;30/01/2023;4;21;21;23;12;18;7;30;5;
Paquete 35 g;10/06/2023;25;26;1;21;2;13;24;5;4;
Paquete 35 g;28/06/2023;27;3;29;22;9;13;29;2;6;
Paquete 35 g;05/02/2023;19;11;15;19;8;6;17;29;5;
Paquete 35 g;06/04/2023;8;4;1;5;22;23;10;6;19;
Paquete 35 g;06/04/2023;5;5;9;29;7;25;7;10;6;
Paquete 35 g;04/02/2023;4;13;15;21;30;20;26;30;17;
Paquete 35 g;04/04/2023;15;24;17;15;18;16;25;23;30;
Paquete 35 g;30/05/2023;12;19;11;8;27;17;5;12;28;
Paquete 35 g;27/06/2023;14;2;10;19;19;29;2;14;23;
Paquete 35 g;03/01/2023;25;18;29;13;26;30;26;5;21;
Paquete 35 g;27/06/2023;7;21;24;24;13;2;23;25;18;
Paquete 35 g;13/04/2023;27;13;6;21;30;23;16;16;15;
Paquete 35 g;14/01/2023;29;11;3;24;16;27;14;26;2;
Paquete 35 g;05/03/2023;21;7;6;12;25;16;20;23;30;
Paquete 35 g;21/04/2023;11;22;20;4;9;25;1;11;2;
Paquete 35 g;01/05/2023;6;5;5;28;9;2;25;28;5;
Paquete 35 g;15/05/2023;21;22;21;29;18;8;12;6;26;
Paquete 35 g;20/04/2023;12;29;23;4;29;15;7;6;9;
Paquete 35 g;13/06/2023;16;23;29;13;12;19;18;25;14;
Paquete 35 g;31/03/2023;8;16;25;19;23;14;9;24;18;
Paquete 35 g;30/03/2023;5;10;20;5;13;4;6;18;26;
Paquete 35 g;15/03/2023;15;12;13;18;8;1;26;7;11;
Paquete 35 g;02/05/2023;27;24;27;2;24;18;27;8;16;
Paquete 35 g;21/03/2023;27;6;30;5;28;8;15;17;23;
Paquete 35 g;09/03/2023;5;11;5;30;15;6;9;10;15;
Paquete 35 g;25/04/2023;13;11;15;19;12;11;16;19;2;
Paquete 35 g;29/06/2023;4;19;21;18;13;21;17;2;12;
Paquete 35 g;18/01/2023;3;24;26;3;10;27;9;19;16;
Paquete 35 g;08/03/2023;16;20;14;9;22;14;1;30;4;
Paquete 35 g;31/03/2023;3;26;10;27;1;23;1;14;12;
Paquete 35 g;06/01/2023;19;23;15;21;1;3;2;24;10;
Paquete 35 g;15/06/2023;4;3;21;19;21;1;26;13;9;
Paquete 35 g;10/02/2023;20;29;23;20;7;27;14;16;24;
Paquete 35 g;26/06/2023;1;30;22;7;12;19;5;20;20;
Paquete 35 g;19/06/2023;1;1;19;22;15;22;27;1;1;
Paquete 35 g;03/02/2023;27;11;11;29;14;16;15;30;1;
Paquete 35 g;21/06/2023;30;23;2;26;18;13;22;21;2;
Paquete 35 g;21/03/2023;12;23;28;20;24;2;12;22;27;
Paquete 35 g;28/01/2023;3;30;28;25;14;26;12;13;17;
Paquete 35 g;27/04/2023;22;28;4;28;7;3;17;14;22;
Paquete 35 g;19/03/2023;24;7;29;25;10;21;23;14;11;
Paquete 35 g;23/02/2023;22;27;9;19;24;22;4;2;21;
Paquete 35 g;27/02/2023;12;10;22;1;28;22;7;24;26;
Paquete 35 g;18/02/2023;27;6;7;29;28;4;3;4;30;
Paquete 35 g;02/04/2023;2;27;28;25;11;9;9;3;4;
Paquete 35 g;26/04/2023;4;19;11;12;25;9;3;18;23;
Paquete 35 g;21/04/2023;29;21;3;4;19;25;27;23;17;
Paquete 35 g;31/05/2023;9;25;10;27;25;20;1;7;7;
Paquete 35 g;25/05/2023;16;21;11;29;18;11;20;15;13;
Paquete 35 g;31/03/2023;18;10;5;16;4;23;16;23;26;
Paquete 35 g;13/04/2023;22;19;23;28;16;11;30;24;17;
Paquete 35 g;28/06/2023;8;1;3;22;3;13;23;9;20;
Paquete 35 g;31/01/2023;21;14;7;6;13;4;21;27;8;
Paquete 35 g;14/04/2023;2;21;21;10;11;8;24;10;27;
Paquete 35 g;13/05/2023;12;29;15;30;15;18;10;22;11;
Paquete 35 g;14/05/2023;21;29;10;4;27;14;10;24;10;
Paquete 35 g;13/06/2023;2;17;3;3;1;22;29;24;24;
Paquete 35 g;27/04/2023;8;28;19;5;26;3;7;5;19;
Paquete 35 g;16/01/2023;4;15;3;10;28;17;13;9;1;
Paquete 35 g;12/03/2023;25;9;24;27;27;2;18;3;28;
Paquete 35 g;23/06/2023;21;2;9;10;17;10;12;9;1;
Paquete 35 g;01/04/2023;28;18;17;21;25;20;30;9;20;
Paquete 35 g;10/04/2023;6;4;27;27;10;10;15;2;17;
Paquete 35 g;11/05/2023;25;10;27;22;20;14;5;24;26;
Paquete 35 g;05/01/2023;29;18;11;6;22;14;15;9;11;
Paquete 35 g;29/05/2023;14;16;28;17;18;5;2;13;29;
Paquete 35 g;15/01/2023;18;30;7;20;28;8;24;8;16;
Paquete 35 g;18/03/2023;19;20;30;16;7;9;5;4;3;
Paquete 35 g;20/06/2023;21;9;28;12;25;9;1;29;21;
Paquete 35 g;17/06/2023;12;23;17;14;28;28;13;25;9;
Paquete 35 g;21/02/2023;24;14;14;12;4;9;11;8;22;
Paquete 35 g;01/07/2023;3;21;22;8;19;20;17;4;1;
Paquete 35 g;18/04/2023;2;1;22;7;11;13;6;16;7;
Paquete 35 g;11/03/2023;21;5;6;14;2;2;22;21;18;
Paquete 35 g;01/07/2023;6;11;9;1;26;18;12;9;12;
Paquete 35 g;10/04/2023;24;25;27;6;29;19;9;2;5;
Paquete 35 g;13/04/2023;26;4;11;26;18;21;9;9;11;
Paquete 35 g;07/04/2023;23;27;19;24;2;24;9;1;7;
Paquete 35 g;15/03/2023;19;9;25;28;8;24;20;13;11;
Paquete 35 g;01/01/2023;26;11;23;8;22;7;12;29;16;
Paquete 35 g;25/03/2023;2;20;6;15;19;15;26;26;28;
Paquete 35 g;26/06/2023;3;12;2;18;12;25;9;18;26;
Paquete 35 g;29/01/2023;18;8;10;21;17;2;11;12;17;
Paquete 35 g;22/04/2023;21;29;13;12;3;1;29;10;13;
Paquete 35 g;19/02/2023;14;30;18;11;22;22;10;5;30;
Paquete 35 g;26/02/2023;25;14;27;17;16;8;18;23;15;
Paquete 35 g;26/05/2023;15;6;23;30;24;16;1;26;7;
Paquete 35 g;23/02/2023;20;2;15;9;2;20;15;15;17;
Paquete 35 g;15/06/2023;12;10;12;2;5;12;22;28;23;
Paquete 35 g;04/02/2023;23;30;7;7;16;14;19;13;14;
Paquete 35 g;18/05/2023;13;2;14;26;6;30;26;18;11;
Paquete 35 g;30/06/2023;10;4;25;14;20;10;4;29;9;
Paquete 35 g;16/06/2023;30;19;23;4;18;25;8;11;22;
Paquete 35 g;29/06/2023;29;11;30;7;10;17;26;4;12;
Paquete 35 g;30/06/2023;1;5;5;23;30;7;27;29;14;
Paquete 35 g;01/04/2023;11;27;3;24;16;17;11;4;20;
Paquete 35 g;17/01/2023;3;26;14;3;19;25;2;1;30;
Paquete 35 g;04/02/2023;11;30;18;16;5;28;15;2;18;
Paquete 35 g;09/03/2023;15;24;23;19;30;26;22;9;2;
Paquete 35 g;26/06/2023;11;12;23;14;18;15;20;12;20;
Paquete 35 g;28/02/2023;20;16;20;12;20;7;1;27;30;
Paquete 35 g;02/04/2023;1;29;14;24;9;10;23;2;6;
Paquete 35 g;19/03/2023;23;10;15;15;19;1;16;14;28;
Paquete 35 g;10/01/2023;21;1;16;17;17;30;20;26;17;
Paquete 35 g;24/01/2023;28;19;13;2;14;10;15;27;1;
Paquete 35 g;20/03/2023;3;21;29;14;17;28;27;6;24;
Paquete 35 g;01/04/2023;29;17;25;10;10;4;16;19;23;
Paquete 35 g;14/03/2023;27;22;22;24;23;9;7;29;6;
Paquete 35 g;17/05/2023;30;16;23;30;2;8;29;10;19;
Paquete 35 g;30/05/2023;13;5;8;27;3;10;16;1;9;
Paquete 35 g;15/01/2023;21;5;26;14;18;18;22;25;11;
Paquete 35 g;13/01/2023;29;23;27;27;16;2;26;30;17;
Paquete 35 g;30/01/2023;16;2;27;10;20;2;2;15;5;
Paquete 35 g;02/03/2023;2;4;21;20;1;23;24;3;1;
Paquete 35 g;13/05/2023;21;6;24;19;30;8;4;22;3;
Paquete 35 g;06/01/2023;5;13;17;12;1;8;9;20;28;
Paquete 35 g;22/02/2023;7;17;23;22;5;20;12;16;9;
Paquete 35 g;17/05/2023;8;29;15;14;21;11;17;27;22;
Paquete 35 g;12/05/2023;2;17;6;3;19;30;13;24;13;
Paquete 35 g;24/03/2023;30;24;14;3;24;25;6;25;14;
Paquete 35 g;27/02/2023;30;26;6;27;1;3;10;7;8;
Paquete 35 g;07/05/2023;23;18;2;27;18;21;6;27;3;
Paquete 35 g;21/03/2023;27;25;29;2;30;18;18;2;5;
Paquete 35 g;29/04/2023;2;3;30;30;11;16;7;7;3;
Paquete 35 g;02/04/2023;14;27;11;20;9;5;13;17;13;
Paquete 35 g;19/02/2023;15;11;23;18;17;7;14;8;20;
Paquete 35 g;29/03/2023;22;21;16;28;26;13;12;1;9;
Paquete 35 g;17/02/2023;9;3;4;10;25;6;6;2;7;
Paquete 35 g;23/06/2023;17;25;20;23;3;18;8;4;8;
Paquete 35 g;29/04/2023;16;12;28;14;30;5;20;22;28;
Paquete 35 g;20/06/2023;27;7;22;3;5;9;3;15;12;
Paquete 35 g;13/04/2023;19;2;2;23;2;12;13;8;16;
Paquete 35 g;21/05/2023;21;18;12;23;25;10;12;12;9;
Paquete 35 g;28/02/2023;21;20;5;19;8;23;19;23;28;
Paquete 35 g;04/06/2023;20;20;24;22;17;16;14;12;23;
Paquete 35 g;12/04/2023;28;8;6;20;3;22;20;10;3;
Paquete 35 g;29/05/2023;18;18;29;13;2;9;5;11;1;
Paquete 35 g;26/04/2023;23;19;29;14;17;15;29;10;2;
Paquete 35 g;31/03/2023;27;9;4;25;27;30;9;19;26;
Paquete 35 g;21/01/2023;30;8;27;17;4;11;7;23;27;
Paquete 35 g;27/03/2023;25;6;23;22;26;8;26;30;2;
Paquete 35 g;11/04/2023;3;7;7;18;7;5;27;5;11;
Paquete 35 g;02/02/2023;27;2;4;3;24;13;26;27;8;
Paquete 35 g;14/04/2023;10;27;23;3;9;19;26;3;20;
Paquete 35 g;26/03/2023;4;9;10;17;19;30;27;7;3;
Paquete 35 g;06/02/2023;23;12;24;18;6;29;28;18;14;
Paquete 35 g;04/05/2023;17;14;27;3;10;16;24;2;25;
Paquete 35 g;20/02/2023;8;13;6;8;16;12;15;27;13;
Paquete 35 g;13/03/2023;8;29;8;22;7;6;1;19;13;
Paquete 35 g;08/03/2023;6;18;2;28;13;6;24;19;20;
Paquete 35 g;28/02/2023;15;24;20;17;17;10;9;21;22;
Paquete 35 g;21/06/2023;21;21;30;10;23;28;5;25;16;
Paquete 35 g;01/05/2023;12;2;6;30;13;8;8;26;22;
Paquete 35 g;27/04/2023;27;21;6;28;12;15;12;7;21;
Paquete 35 g;27/01/2023;19;24;19;15;21;24;14;2;12;
Paquete 35 g;05/04/2023;7;5;10;30;30;3;19;22;11;
Paquete 35 g;29/03/2023;15;2;13;17;26;20;28;6;10;
Paquete 35 g;30/05/2023;10;1;14;1;5;15;29;15;21;
Paquete 35 g;28/03/2023;18;12;29;6;14;19;28;9;9;
Paquete 35 g;18/05/2023;29;3;29;16;18;10;10;2;9;
Paquete 35 g;06/02/2023;5;8;29;8;27;16;9;12;30;
Paquete 35 g;19/03/2023;24;14;20;22;6;13;12;15;9;
Paquete 35 g;10/06/2023;6;13;28;19;22;15;22;15;12;
Paquete 35 g;17/04/2023;27;6;18;23;19;8;23;18;2;
Paquete 35 g;07/06/2023;30;3;13;24;2;3;28;22;9;
Paquete 35 g;14/04/2023;2;14;23;25;27;4;28;14;12;
Paquete 35 g;21/02/2023;19;21;13;13;19;1;7;27;15;
Paquete 35 g;03/06/2023;13;18;19;9;24;21;30;6;7;
Paquete 35 g;10/02/2023;30;19;18;18;15;5;18;21;22;
Paquete 35 g;20/06/2023;5;2;24;17;9;19;30;1;1;
Paquete 35 g;09/01/2023;27;22;5;22;8;26;10;28;22;
Paquete 35 g;31/05/2023;8;5;2;5;20;16;4;5;8;
Paquete 35 g;22/03/2023;27;10;13;7;3;26;22;5;14;
Paquete 35 g;08/01/2023;17;28;2;8;17;7;11;1;27;
Paquete 35 g;07/06/2023;12;18;23;28;28;11;22;3;30;
Paquete 35 g;02/02/2023;15;2;5;18;30;17;27;2;13;
Paquete 35 g;14/03/2023;9;10;26;7;21;14;25;14;5;
Paquete 35 g;17/05/2023;10;3;6;8;25;15;29;7;18;
Paquete 35 g;23/01/2023;8;12;26;14;1;17;28;20;24;
Paquete 35 g;11/02/2023;21;30;17;26;24;20;17;11;16;
Paquete 35 g;13/03/2023;11;25;26;28;4;2;5;20;19;
Paquete 35 g;01/05/2023;3;12;15;21;4;7;29;26;26;
Paquete 35 g;12/04/2023;7;24;8;24;28;17;28;15;6;
Paquete 35 g;11/05/2023;8;25;13;10;26;18;11;16;28;
Paquete 35 g;09/05/2023;1;23;7;2;26;23;26;30;16;
Paquete 35 g;05/06/2023;23;16;9;19;24;9;17;26;11;
Paquete 35 g;07/01/2023;9;13;12;3;17;3;10;10;16;
Paquete 35 g;20/04/2023;2;29;16;23;8;8;11;25;13;
Paquete 35 g;30/03/2023;6;16;4;18;18;15;19;16;29;
Paquete 35 g;23/02/2023;3;6;29;26;3;6;18;10;21;
Paquete 35 g;03/03/2023;17;2;9;7;3;16;24;2;7;
Paquete 35 g;25/05/2023;22;19;8;5;6;27;25;4;26;
Paquete 35 g;11/03/2023;25;19;23;5;5;17;15;20;1;
Paquete 35 g;16/02/2023;6;15;17;4;26;13;17;3;10;
Paquete 35 g;03/04/2023;14;4;3;12;29;9;1;19;28;
Paquete 35 g;27/05/2023;26;29;28;21;1;13;29;4;7;
Paquete 35 g;25/01/2023;21;28;26;1;28;16;29;2;2;
Paquete 35 g;21/04/2023;6;9;27;14;24;29;30;4;15;
Paquete 35 g;29/04/2023;14;3;7;5;15;7;13;27;25;
Paquete 35 g;08/05/2023;2;23;16;30;17;20;18;25;7;
Paquete 35 g;25/05/2023;15;20;13;4;26;8;27;30;18;
Paquete 35 g;27/05/2023;29;16;9;17;25;19;4;28;27;
Paquete 35 g;02/03/2023;23;11;29;29;28;24;30;30;22;
Paquete 35 g;05/02/2023;30;17;28;29;8;5;24;14;21;
Paquete 35 g;02/06/2023;11;23;11;24;24;8;26;7;7;
Paquete 35 g;25/03/2023;21;1;6;24;17;26;17;10;21;
Paquete 35 g;02/04/2023;13;24;28;24;30;13;13;13;18;
Paquete 35 g;20/03/2023;23;13;21;27;13;16;12;5;12;
Paquete 35 g;18/01/2023;8;15;15;19;14;1;27;19;2;
Paquete 35 g;19/02/2023;26;7;15;27;14;23;24;30;24;
Paquete 35 g;08/05/2023;26;15;19;19;21;19;5;28;16;
Paquete 35 g;31/05/2023;16;17;29;4;2;27;22;29;20;
Paquete 35 g;20/06/2023;13;7;5;4;8;13;3;16;9;
Paquete 35 g;06/04/2023;20;1;13;26;7;6;19;2;26;
Paquete 35 g;29/05/2023;11;20;14;7;18;30;11;12;1;
Paquete 35 g;26/06/2023;20;29;29;1;28;20;26;9;25;
Paquete 35 g;01/01/2023;15;13;18;4;28;20;4;22;8;
Paquete 35 g;20/05/2023;29;21;25;25;7;12;7;3;29;
Paquete 35 g;15/06/2023;26;19;16;12;27;17;17;29;12;
Paquete 35 g;20/05/2023;12;9;23;24;10;13;2;1;11;
Paquete 35 g;13/02/2023;18;24;1;29;8;5;6;1;3;
Paquete 35 g;22/06/2023;25;13;14;3;26;25;10;6;11;
Paquete 35 g;07/06/2023;5;4;14;17;22;23;23;25;24;
Paquete 35 g;02/03/2023;30;16;10;3;4;20;18;1;29;
Paquete 35 g;14/02/2023;22;4;24;27;27;15;23;25;6;
Paquete 35 g;17/05/2023;6;14;15;30;22;10;25;15;22;
Paquete 35 g;25/02/2023;27;5;10;27;2;14;7;23;4;
Paquete 35 g;23/03/2023;23;10;5;9;30;2;10;6;2;
Paquete 35 g;28/01/2023;25;29;29;23;24;3;17;8;27;
Paquete 35 g;18/06/2023;16;24;4;12;30;27;18;4;16;
Paquete 35 g;15/05/2023;1;17;7;28;27;29;24;16;28;
Paquete 35 g;26/01/2023;30;30;9;4;27;3;17;11;21;
Paquete 35 g;17/04/2023;5;9;15;26;13;15;11;16;24;
Paquete 35 g;06/06/2023;26;30;22;25;4;13;13;21;5;
Paquete 35 g;04/02/2023;3;18;30;29;5;3;23;17;19;
Paquete 35 g;06/04/2023;14;18;8;26;15;1;28;29;1;
Paquete 35 g;02/04/2023;24;3;18;30;27;23;11;23;2;
Paquete 35 g;07/03/2023;7;18;2;17;6;3;20;18;29;
Paquete 35 g;25/04/2023;24;21;2;11;25;29;15;16;27;
Paquete 35 g;19/01/2023;30;2;13;1;7;7;10;18;10;
Paquete 35 g;03/03/2023;25;24;10;9;8;15;17;15;23;
Paquete 35 g;05/03/2023;9;27;1;29;21;30;23;30;27;
Paquete 35 g;02/06/2023;22;18;12;1;21;13;24;14;28;
Paquete 35 g;02/03/2023;25;27;23;23;7;5;28;15;14;
Paquete 35 g;17/05/2023;16;30;22;23;27;27;4;28;26;
Paquete 35 g;09/05/2023;1;13;28;2;16;11;12;10;1;
Paquete 35 g;02/03/2023;14;1;30;8;21;5;28;8;25;
Paquete 35 g;10/05/2023;7;5;25;3;17;25;13;19;30;
Paquete 35 g;04/05/2023;15;1;4;21;6;2;13;12;27;
Paquete 35 g;13/04/2023;22;27;7;21;17;17;25;23;16;
Paquete 35 g;15/05/2023;12;29;14;12;2;7;1;26;20;
Paquete 35 g;01/07/2023;2;2;22;7;8;2;3;10;14;
Paquete 35 g;23/05/2023;14;21;27;15;11;1;23;28;8;
Paquete 35 g;22/04/2023;26;7;29;27;10;28;24;3;22;
Paquete 35 g;09/03/2023;9;26;22;19;24;1;16;25;2;
Paquete 35 g;30/01/2023;17;30;7;16;21;7;10;20;17;
Paquete 35 g;08/05/2023;1;8;21;10;19;2;7;1;30;
Paquete 35 g;08/06/2023;23;10;15;24;3;9;27;5;28;
Paquete 35 g;03/02/2023;15;19;4;8;30;1;12;9;11;
Paquete 35 g;07/05/2023;10;18;26;29;25;25;30;2;19;
Paquete 35 g;24/03/2023;24;21;8;1;3;14;28;3;17;
Paquete 35 g;19/06/2023;4;14;21;7;7;10;15;22;1;
Paquete 35 g;14/04/2023;13;8;21;21;6;30;4;15;5;
Paquete 35 g;13/06/2023;25;20;13;2;13;27;27;8;14;
Paquete 35 g;12/04/2023;29;9;28;24;28;4;16;19;15;
Paquete 35 g;09/06/2023;9;12;8;9;18;19;12;21;18;
Paquete 35 g;30/06/2023;13;16;17;27;23;8;7;4;15;
Paquete 35 g;21/02/2023;2;8;18;18;13;5;15;30;20;
Paquete 35 g;28/01/2023;28;25;23;20;26;25;7;25;22;
Paquete 35 g;01/03/2023;14;27;7;26;12;25;30;10;5;
Paquete 35 g;20/06/2023;19;3;18;30;16;5;9;24;20;
Paquete 35 g;26/05/2023;2;18;15;12;19;6;30;19;13;
Paquete 35 g;31/01/2023;18;6;6;19;16;4;25;17;19;
Paquete 35 g;18/05/2023;6;13;28;27;8;24;5;17;15;
Paquete 35 g;18/06/2023;14;24;30;10;28;25;17;24;20;
Paquete 35 g;10/03/2023;6;22;29;16;3;27;7;3;13;
Paquete 35 g;01/03/2023;10;11;25;25;20;1;13;17;13;
Paquete 35 g;13/06/2023;15;2;20;27;2;28;21;29;22;
Paquete 35 g;18/03/2023;2;29;8;16;8;25;22;2;13;
Paquete 35 g;23/05/2023;20;20;6;15;21;27;16;7;15;
Paquete 35 g;09/02/2023;18;26;21;4;19;20;18;1;17;
Paquete 35 g;25/03/2023;3;24;21;10;27;3;1;7;7;
Paquete 35 g;16/01/2023;10;27;30;2;2;22;18;19;14;
Paquete 35 g;12/06/2023;14;6;25;28;14;3;19;12;29;
Paquete 35 g;27/04/2023;8;28;17;2;30;14;29;6;29;
Paquete 35 g;21/03/2023;26;4;13;27;8;26;27;18;20;
Paquete 35 g;05/05/2023;13;25;9;29;24;6;28;9;24;
Paquete 35 g;22/04/2023;5;20;1;1;23;27;3;10;13;
Paquete 35 g;03/05/2023;2;16;25;22;13;24;21;18;3;
Paquete 35 g;01/05/2023;15;7;30;22;14;20;4;2;4;
Paquete 35 g;11/03/2023;27;4;15;19;3;29;14;21;28;
Paquete 35 g;23/05/2023;25;7;4;1;26;18;28;6;16;
Paquete 35 g;29/05/2023;10;10;3;4;29;11;6;5;3;
Paquete 35 g;23/06/2023;25;7;30;7;30;27;25;24;1;
Paquete 35 g;05/02/2023;16;12;1;7;2;23;9;9;19;
Paquete 35 g;01/05/2023;18;26;9;5;20;5;12;27;28;
Paquete 35 g;08/04/2023;20;17;9;23;16;10;9;22;24;
Paquete 35 g;28/02/2023;26;5;10;22;2;6;6;11;22;
Paquete 35 g;24/02/2023;6;22;4;9;11;18;27;8;18;
Paquete 35 g;07/01/2023;10;25;15;2;24;7;12;20;7;
Paquete 35 g;03/06/2023;8;9;2;14;17;1;28;11;4;
Paquete 35 g;08/04/2023;23;24;18;19;16;8;28;8;24;
Paquete 35 g;18/05/2023;29;6;2;7;29;8;14;19;15;
Paquete 35 g;19/05/2023;24;11;24;17;5;19;24;1;2;
Paquete 35 g;14/05/2023;15;19;20;17;25;18;20;13;2;
Paquete 35 g;20/02/2023;7;29;15;28;17;15;22;11;3;
Paquete 35 g;06/01/2023;22;4;7;13;4;17;5;7;1;
Paquete 35 g;23/06/2023;13;12;26;7;25;10;29;24;26;
Paquete 35 g;16/03/2023;6;9;16;14;5;13;24;23;20;
Paquete 35 g;09/03/2023;19;27;20;20;13;10;4;11;15;
Paquete 35 g;27/06/2023;8;3;10;10;18;3;10;10;30;
Paquete 35 g;24/02/2023;11;26;7;28;5;2;20;30;4;
Paquete 35 g;21/05/2023;23;17;20;28;15;29;7;7;8;
Paquete 35 g;02/04/2023;3;13;25;13;17;18;11;4;3;
Paquete 35 g;22/04/2023;9;17;4;21;25;27;19;30;20;
Paquete 35 g;01/03/2023;16;27;14;10;13;4;3;1;26;
Paquete 35 g;19/06/2023;15;19;10;18;8;9;19;4;14;
Paquete 35 g;22/06/2023;26;20;7;2;2;10;2;19;7;
Paquete 35 g;04/01/2023;28;5;19;29;12;21;20;9;16;
Paquete 35 g;02/02/2023;16;7;9;26;23;22;8;9;8;
Paquete 35 g;11/02/2023;1;15;6;13;12;21;23;17;16;
Paquete 35 g;28/01/2023;6;14;15;7;25;16;26;22;9;
Paquete 35 g;27/06/2023;24;5;1;6;11;1;29;8;7;
Paquete 35 g;12/03/2023;16;2;14;25;30;1;11;8;10;
Paquete 35 g;20/04/2023;28;8;15;24;18;17;2;27;9;
Paquete 35 g;29/06/2023;15;18;7;9;6;18;6;24;14;
Paquete 35 g;14/03/2023;7;23;29;2;11;11;23;2;15;
Paquete 35 g;11/04/2023;29;21;8;23;3;29;25;26;30;
Paquete 35 g;05/01/2023;21;3;18;3;9;18;24;27;24;
Paquete 35 g;26/05/2023;6;18;28;28;10;28;29;15;29;
Paquete 35 g;07/05/2023;29;9;30;3;26;8;30;19;19;
Paquete 35 g;18/02/2023;24;8;27;4;12;18;13;16;10;
Paquete 35 g;02/04/2023;11;6;30;21;28;8;3;12;18;
Paquete 35 g;10/05/2023;14;16;17;11;15;21;14;13;17;
Paquete 35 g;31/03/2023;14;15;23;14;13;4;12;29;23;
Paquete 35 g;05/01/2023;26;15;21;2;3;28;6;8;20;
Paquete 35 g;08/06/2023;19;20;28;7;22;27;20;23;3;
Paquete 35 g;05/01/2023;12;20;13;19;20;4;15;27;28;
Paquete 35 g;17/03/2023;30;2;11;28;27;10;19;8;23;
Paquete 35 g;23/04/2023;17;12;25;11;2;1;19;23;13;
Paquete 35 g;21/06/2023;6;9;18;15;2;22;1;26;30;
Paquete 35 g;16/03/2023;10;20;28;27;28;16;30;29;19;
Paquete 35 g;18/05/2023;15;25;25;25;16;11;21;16;10;
Paquete 35 g;25/01/2023;29;12;22;9;29;20;29;27;21;
Paquete 35 g;19/03/2023;16;5;2;27;6;6;17;28;29;
Paquete 35 g;28/03/2023;26;27;16;8;18;23;24;3;30;
Paquete 35 g;30/04/2023;12;28;8;18;26;23;17;30;30;
Paquete 35 g;01/05/2023;29;24;16;2;3;8;11;13;8;
Paquete 35 g;10/05/2023;21;16;18;11;20;5;24;18;19;
Paquete 35 g;14/02/2023;24;26;23;16;1;2;9;18;5;
Paquete 35 g;13/06/2023;23;26;5;16;26;28;22;19;12;
Paquete 35 g;15/02/2023;26;12;27;2;30;17;14;16;1;
Paquete 35 g;05/03/2023;10;26;30;26;29;3;15;10;24;
Paquete 35 g;10/01/2023;19;20;10;14;8;27;2;7;30;
Paquete 35 g;04/02/2023;15;17;20;23;21;10;19;28;15;
Paquete 35 g;22/06/2023;11;30;7;28;26;16;15;30;24;
Paquete 35 g;20/05/2023;27;25;2;11;6;10;14;26;27;
Paquete 35 g;07/03/2023;28;21;24;24;26;28;20;26;1;
Paquete 35 g;22/06/2023;2;24;21;5;21;15;30;16;2;
Paquete 35 g;31/01/2023;27;27;24;3;19;10;30;13;5;
Paquete 35 g;01/04/2023;29;12;6;23;3;15;15;2;5;
Paquete 35 g;27/02/2023;24;28;15;12;15;21;5;3;13;
Paquete 35 g;25/03/2023;25;1;10;6;26;22;9;10;15;
Paquete 35 g;01/02/2023;2;16;18;8;17;15;16;14;24;
Paquete 35 g;19/04/2023;28;17;2;9;28;29;21;2;30;
Paquete 35 g;11/04/2023;10;27;4;17;29;18;27;16;4;
Paquete 35 g;15/06/2023;18;10;14;11;16;23;20;27;13;
Paquete 35 g;22/01/2023;17;8;5;5;11;24;30;11;30;
Paquete 35 g;13/04/2023;16;4;9;3;6;21;13;14;12;
Paquete 35 g;08/06/2023;2;28;17;10;29;3;25;20;21;
Paquete 35 g;19/06/2023;19;22;13;13;13;1;24;10;20;
Paquete 35 g;30/01/2023;15;11;9;3;3;12;26;15;14;
Paquete 35 g;15/06/2023;15;1;25;4;14;8;7;30;21;
Paquete 35 g;14/03/2023;8;9;30;27;23;7;3;21;30;
Paquete 35 g;17/05/2023;24;1;28;23;30;30;13;7;27;
Paquete 35 g;02/06/2023;6;3;1;16;8;10;18;28;28;
Paquete 35 g;04/03/2023;2;2;29;28;26;27;21;2;25;
Paquete 35 g;28/03/2023;6;30;19;9;15;14;23;25;17;
Paquete 35 g;12/02/2023;24;22;24;27;17;29;19;5;13;
Paquete 35 g;15/01/2023;23;6;26;26;27;13;4;24;24;
Paquete 35 g;18/03/2023;23;10;25;17;14;6;25;19;3;
Paquete 35 g;06/02/2023;25;22;20;3;8;18;13;14;15;
Paquete 35 g;09/02/2023;15;27;6;5;9;30;24;9;4;
Paquete 35 g;06/01/2023;3;21;23;23;10;28;13;10;28;
Paquete 35 g;23/06/2023;23;1;3;30;4;26;1;27;6;
Paquete 35 g;07/06/2023;18;30;20;15;11;30;28;20;12;
Paquete 35 g;02/05/2023;10;24;10;12;2;12;13;18;9;
Paquete 35 g;06/02/2023;15;15;26;4;30;5;27;29;22;
Paquete 35 g;24/06/2023;13;29;24;18;8;22;28;10;13;
Paquete 35 g;24/06/2023;29;5;23;2;9;26;16;10;14;
Paquete 35 g;18/02/2023;30;3;24;25;14;10;8;26;20;
Paquete 35 g;15/01/2023;26;29;28;20;6;26;26;27;28;
Paquete 35 g;25/01/2023;27;6;25;14;25;6;28;5;16;
Paquete 35 g;10/03/2023;14;20;17;7;18;5;15;24;29;
Paquete 35 g;19/04/2023;13;25;4;15;18;19;10;27;8;
Paquete 35 g;19/03/2023;14;4;5;6;16;5;12;22;1;
Paquete 35 g;25/03/2023;17;10;20;14;6;13;14;4;6;
Paquete 35 g;11/04/2023;19;16;11;22;1;9;20;8;25;
Paquete 35 g;06/02/2023;18;5;14;22;5;14;6;9;12;
Paquete 35 g;11/04/2023;25;2;14;12;1;16;25;8;2;
Paquete 35 g;31/03/2023;24;14;9;25;12;3;18;1;27;
Paquete 35 g;12/04/2023;24;26;14;15;26;24;10;2;8;
Paquete 35 g;17/03/2023;11;16;10;9;19;11;9;18;17;
Paquete 35 g;05/02/2023;26;10;5;17;10;7;9;21;1;
Paquete 35 g;01/03/2023;15;20;12;23;1;24;4;1;13;
Paquete 35 g;03/01/2023;18;9;22;10;17;12;2;6;2;
Paquete 35 g;04/06/2023;11;27;30;5;19;13;15;10;26;
Paquete 35 g;01/07/2023;25;15;26;13;7;30;26;1;28;
Paquete 35 g;16/06/2023;3;4;5;6;22;16;30;5;16;
Paquete 35 g;23/04/2023;2;29;30;19;25;15;2;24;13;
Paquete 35 g;15/04/2023;9;22;23;26;2;7;26;23;8;
Paquete 35 g;18/06/2023;28;16;10;7;30;14;17;2;14;
Paquete 35 g;26/06/2023;19;19;24;22;5;30;5;11;17;
Paquete 35 g;18/03/2023;3;22;28;25;16;15;10;28;5;
Paquete 35 g;20/06/2023;12;15;21;26;17;17;30;20;30;
Paquete 35 g;01/07/2023;8;28;10;25;26;14;5;22;7;
Paquete 35 g;08/04/2023;13;22;28;9;18;4;19;25;1;
Paquete 35 g;10/06/2023;9;15;28;17;14;1;15;13;27;
Paquete 35 g;01/05/2023;9;24;6;16;13;6;15;26;14;
Paquete 35 g;24/01/2023;20;2;22;25;12;21;11;27;8;
Paquete 35 g;09/01/2023;21;25;30;1;20;21;24;20;30;
Paquete 35 g;25/03/2023;23;8;25;17;9;17;9;14;16;
Paquete 35 g;24/02/2023;26;19;13;29;24;15;17;15;28;
Paquete 35 g;01/03/2023;12;21;22;8;11;20;18;8;6;
Paquete 35 g;06/03/2023;3;4;25;24;8;26;1;26;23;
Paquete 35 g;27/01/2023;21;25;11;2;12;24;17;7;27;
Paquete 35 g;15/06/2023;2;27;14;7;7;26;7;15;23;
Paquete 35 g;01/01/2023;16;18;24;22;6;14;2;14;27;
Paquete 35 g;13/03/2023;11;28;6;19;27;17;21;17;5;
Paquete 35 g;31/03/2023;15;12;19;17;27;5;29;28;24;
Paquete 35 g;08/04/2023;30;3;13;17;26;5;14;25;29;
Paquete 35 g;29/06/2023;29;3;12;11;25;19;5;4;4;
Paquete 35 g;02/03/2023;4;30;21;28;7;16;1;15;18;
Paquete 35 g;25/06/2023;29;18;3;1;4;20;5;11;18;
Paquete 35 g;07/02/2023;16;20;8;30;14;9;2;20;6;
Paquete 35 g;04/02/2023;10;4;12;12;18;20;10;25;28;
Paquete 35 g;21/06/2023;2;9;15;4;14;22;15;18;30;
Paquete 35 g;28/04/2023;21;23;5;17;26;6;7;24;26;
Paquete 35 g;30/06/2023;4;13;6;28;15;16;24;21;12;
Paquete 35 g;24/02/2023;4;23;19;17;11;5;22;17;26;
Paquete 35 g;03/06/2023;16;19;6;26;17;24;26;20;21;
Paquete 35 g;01/01/2023;23;1;30;21;1;26;3;22;20;
Paquete 35 g;11/06/2023;3;23;21;18;22;18;8;4;21;
Paquete 35 g;17/03/2023;18;27;19;18;4;22;24;12;10;
Paquete 35 g;19/02/2023;21;2;9;2;3;6;28;24;2;
Paquete 35 g;10/02/2023;18;17;28;24;7;28;17;28;26;
Paquete 35 g;09/06/2023;20;2;10;2;10;28;6;27;27;
Paquete 35 g;27/05/2023;15;5;14;11;6;17;21;15;17;
Paquete 35 g;08/01/2023;9;11;18;5;8;21;22;5;20;
Paquete 35 g;28/05/2023;30;13;30;20;4;16;10;12;22;
Paquete 35 g;22/06/2023;16;4;26;5;21;7;7;14;26;
Paquete 35 g;16/04/2023;22;27;4;27;1;28;16;24;22;
Paquete 35 g;25/04/2023;7;23;22;23;30;5;29;28;1;
Paquete 35 g;15/01/2023;21;17;12;15;10;21;25;20;29;
Paquete 35 g;24/02/2023;22;27;23;4;4;28;6;14;6;
Paquete 35 g;26/05/2023;20;9;12;1;6;6;2;3;8;
Paquete 35 g;30/05/2023;8;6;12;19;8;4;16;28;30;
Paquete 35 g;25/01/2023;25;16;9;11;19;23;21;28;20;
Paquete 35 g;30/06/2023;23;22;4;17;14;3;17;29;15;
Paquete 35 g;04/06/2023;6;10;2;7;16;21;18;20;19;
Paquete 35 g;11/02/2023;15;11;3;27;28;29;20;14;16;
Paquete 35 g;09/06/2023;16;30;21;17;18;18;3;10;19;
Paquete 35 g;09/04/2023;26;29;10;20;13;26;12;28;21;
Paquete 35 g;06/04/2023;6;30;13;20;6;27;8;24;20;
Paquete 35 g;29/03/2023;8;29;2;2;22;11;20;17;7;
Paquete 35 g;28/05/2023;9;20;23;27;15;12;8;17;2;
Paquete 35 g;26/01/2023;7;4;28;22;2;19;8;7;22;
Paquete 35 g;13/02/2023;9;6;11;8;25;15;4;17;20;
Paquete 35 g;20/03/2023;27;8;19;10;20;26;10;10;20;
Paquete 35 g;09/02/2023;3;19;30;18;4;5;15;16;20;
Paquete 35 g;04/06/2023;8;11;27;10;29;17;14;14;25;
Paquete 35 g;28/02/2023;16;11;25;14;3;3;3;12;13;
Paquete 35 g;04/05/2023;4;25;3;13;1;30;26;8;9;
Paquete 35 g;21/02/2023;10;25;30;8;28;14;5;15;26;
Paquete 35 g;25/04/2023;5;2;30;15;28;8;8;1;9;
Paquete 35 g;22/01/2023;4;29;20;14;17;19;19;20;20;
Paquete 35 g;19/05/2023;25;10;8;7;24;3;11;13;29;
Paquete 35 g;04/03/2023;29;14;23;8;28;8;13;6;7;
Paquete 35 g;27/06/2023;10;29;17;29;22;30;1;6;27;
Paquete 35 g;17/01/2023;26;12;9;9;26;29;23;3;13;
Paquete 35 g;13/03/2023;4;24;24;7;11;19;15;10;27;
Paquete 35 g;03/04/2023;30;10;20;3;30;8;7;17;19;
Paquete 35 g;27/03/2023;4;13;24;19;9;9;5;12;25;
Paquete 35 g;06/05/2023;17;28;25;1;3;22;20;24;2;
Paquete 35 g;24/05/2023;30;22;22;28;16;8;2;7;27;
Paquete 35 g;20/04/2023;22;15;6;15;29;25;27;28;30;
Paquete 35 g;27/05/2023;24;29;13;5;22;10;27;1;29;
Paquete 35 g;15/04/2023;7;3;6;11;26;10;1;25;13;
Paquete 35 g;11/03/2023;1;19;8;16;25;21;14;27;9;
Paquete 35 g;25/04/2023;3;5;14;16;21;15;8;29;24;
Paquete 35 g;11/01/2023;19;15;22;10;1;28;23;13;3;
Paquete 35 g;23/01/2023;2;10;23;18;9;25;22;24;26;
Paquete 35 g;09/06/2023;17;23;21;10;6;14;12;25;7;
Paquete 35 g;15/03/2023;2;18;6;1;9;10;30;7;10;
Paquete 35 g;13/01/2023;22;6;28;1;26;16;15;26;17;
Paquete 35 g;27/04/2023;25;21;29;17;17;6;12;24;15;
Paquete 35 g;03/03/2023;23;2;16;8;26;12;12;7;7;
Paquete 35 g;24/06/2023;20;25;3;10;17;22;28;19;7;
Paquete 35 g;08/06/2023;16;10;2;20;20;1;29;15;14;
Paquete 35 g;29/05/2023;8;22;29;1;4;1;27;2;1;
Paquete 35 g;01/03/2023;17;11;30;21;8;24;6;22;28;
Paquete 35 g;21/03/2023;22;25;28;20;3;20;9;6;7;
Paquete 35 g;21/05/2023;9;5;24;15;26;18;29;1;7;
Paquete 35 g;30/01/2023;30;21;20;26;9;15;27;14;18;
Paquete 35 g;21/02/2023;19;6;8;27;4;9;20;20;18;
Paquete 35 g;20/06/2023;10;24;6;25;15;23;14;6;18;
Paquete 35 g;19/04/2023;10;9;19;20;1;6;1;13;9;
Paquete 35 g;03/02/2023;10;16;21;1;11;23;14;21;12;
Paquete 35 g;02/03/2023;8;14;15;29;23;24;2;12;17;
Paquete 35 g;21/03/2023;16;5;24;3;1;3;13;15;28;
Paquete 35 g;02/04/2023;29;5;2;23;19;1;6;18;9;
Paquete 35 g;16/04/2023;2;24;18;30;12;4;22;10;21;
Paquete 35 g;01/05/2023;20;13;21;20;20;1;1;19;8;
Paquete 35 g;26/04/2023;18;7;6;22;1;7;23;27;16;
Paquete 35 g;02/05/2023;6;25;2;22;16;10;1;25;10;
Paquete 35 g;19/04/2023;6;4;12;15;12;16;25;7;15;
Paquete 35 g;16/05/2023;19;30;16;7;6;14;13;15;17;
Paquete 35 g;10/03/2023;19;26;22;25;9;14;5;18;8;
Paquete 35 g;12/05/2023;21;1;18;10;24;29;21;27;27;
Paquete 35 g;17/04/2023;6;29;8;22;21;1;17;6;10;
Paquete 35 g;06/06/2023;8;3;4;11;20;28;17;28;30;
Paquete 35 g;02/03/2023;4;30;12;7;30;19;28;4;25;
Paquete 35 g;17/02/2023;5;13;25;24;2;5;17;6;13;
Paquete 35 g;26/02/2023;26;18;11;11;22;13;4;15;19;
Paquete 35 g;02/04/2023;9;28;20;4;17;27;11;8;23;
Paquete 35 g;05/06/2023;29;2;19;8;25;4;10;24;27;
Paquete 35 g;19/04/2023;16;28;29;26;23;9;8;14;28;
Paquete 35 g;10/01/2023;20;15;5;12;2;4;8;11;28;
Paquete 35 g;10/04/2023;21;25;1;11;29;30;20;22;25;
Paquete 35 g;26/05/2023;14;17;7;28;30;10;3;20;9;
Paquete 35 g;31/01/2023;18;9;20;9;17;29;18;17;13;
Paquete 35 g;01/04/2023;18;23;26;17;20;17;25;27;20;
Paquete 35 g;10/05/2023;25;27;18;17;1;28;29;14;16;
Paquete 35 g;09/01/2023;16;10;17;26;23;17;3;7;30;
Paquete 35 g;13/04/2023;10;1;14;20;27;3;2;20;1;
Paquete 35 g;28/03/2023;28;18;25;24;9;27;25;26;10;
Paquete 35 g;05/04/2023;20;24;25;20;15;2;7;18;29;
Paquete 35 g;13/03/2023;26;3;23;25;29;28;11;18;8;
Paquete 35 g;07/04/2023;21;5;23;30;16;6;20;29;5;
Paquete 35 g;14/04/2023;29;19;6;26;3;11;6;13;6;
Paquete 35 g;18/02/2023;6;13;11;30;18;13;17;13;26;
Paquete 35 g;08/05/2023;7;21;2;18;17;21;27;17;22;
Paquete 35 g;01/04/2023;24;14;1;11;20;13;5;17;5;
Paquete 35 g;10/06/2023;30;11;10;5;24;25;17;16;28;
Paquete 35 g;02/02/2023;7;9;5;14;29;3;4;30;18;
Paquete 35 g;30/01/2023;19;12;2;11;3;4;4;17;6;
Paquete 35 g;18/05/2023;10;24;14;22;28;22;7;11;6;
Paquete 35 g;19/06/2023;27;9;21;3;4;19;14;14;7;
Paquete 35 g;17/04/2023;28;24;2;24;8;27;8;13;30;
Paquete 35 g;08/05/2023;7;4;15;9;18;18;4;21;3;
Paquete 35 g;27/05/2023;22;9;25;3;19;20;3;16;24;
Paquete 35 g;19/03/2023;5;22;6;4;28;9;30;16;18;
Paquete 35 g;10/01/2023;18;29;5;22;23;24;5;18;7;
Paquete 35 g;19/05/2023;27;10;29;11;3;2;4;10;13;
Paquete 35 g;26/05/2023;24;10;29;14;16;9;7;18;18;
Paquete 35 g;13/05/2023;18;29;30;7;22;30;9;26;15;
Paquete 35 g;10/05/2023;1;6;7;14;3;10;13;19;23;
Paquete 35 g;06/06/2023;11;17;21;30;18;9;19;29;12;
Paquete 35 g;03/03/2023;23;13;28;25;18;29;25;25;5;
Paquete 35 g;16/04/2023;6;16;22;10;17;15;25;21;1;
Paquete 35 g;05/05/2023;7;19;19;22;10;7;2;16;8;
Paquete 35 g;04/03/2023;21;10;6;25;11;17;7;24;30;
Paquete 35 g;20/06/2023;13;25;22;5;16;26;10;30;10;
Paquete 35 g;11/01/2023;23;10;15;14;7;21;23;25;8;
Paquete 35 g;05/01/2023;30;22;23;22;28;9;16;5;24;
Paquete 35 g;18/03/2023;28;29;16;11;25;16;27;6;7;
Paquete 35 g;24/01/2023;5;14;27;16;22;7;14;5;17;
Paquete 35 g;03/04/2023;2;17;29;20;11;5;14;29;13;
Paquete 35 g;19/05/2023;2;29;28;23;26;1;20;21;23;
Paquete 35 g;07/05/2023;5;23;23;14;2;25;16;16;5;
Paquete 35 g;08/05/2023;2;5;23;9;27;19;1;4;8;
Paquete 35 g;06/01/2023;19;29;15;16;1;21;25;30;21;
Paquete 35 g;10/06/2023;25;2;26;24;5;20;4;24;23;
Paquete 35 g;28/02/2023;17;27;24;10;14;19;12;7;18;
Paquete 35 g;03/06/2023;18;5;8;24;20;8;9;16;25;
Paquete 35 g;29/05/2023;17;24;29;29;16;2;8;26;5;
Paquete 35 g;01/04/2023;12;21;16;6;29;8;22;2;15;
Paquete 35 g;03/03/2023;9;1;26;26;10;1;4;5;28;
Paquete 35 g;23/04/2023;28;12;26;24;28;7;14;24;26;
Paquete 35 g;03/05/2023;9;5;15;19;30;10;7;15;21;
Paquete 35 g;03/03/2023;10;26;21;30;15;5;4;25;22;
Paquete 35 g;30/06/2023;14;28;15;22;26;30;24;20;20;
Paquete 35 g;15/01/2023;14;6;13;26;27;29;9;4;11;
Paquete 35 g;20/02/2023;12;27;13;20;23;16;22;22;10;
Paquete 35 g;25/02/2023;2;1;29;18;27;2;25;21;7;
Paquete 35 g;16/03/2023;16;1;8;23;23;24;6;4;12;
Paquete 35 g;17/06/2023;26;5;22;22;11;7;18;23;29;
Paquete 35 g;07/06/2023;27;8;13;26;3;15;6;3;21;
Paquete 35 g;27/04/2023;18;17;10;21;25;30;29;5;4;
Paquete 35 g;19/03/2023;18;18;6;5;26;8;11;22;9;
Paquete 35 g;18/02/2023;3;24;9;3;6;19;7;24;28;
Paquete 35 g;03/03/2023;11;18;5;20;26;16;18;25;28;
Paquete 35 g;08/02/2023;8;1;28;16;19;3;4;18;14;
Paquete 35 g;01/03/2023;27;8;11;27;20;27;9;8;9;
Paquete 35 g;24/06/2023;27;25;20;20;3;9;2;29;6;
Paquete 35 g;15/05/2023;4;15;4;1;4;11;27;2;5;
Paquete 35 g;16/06/2023;17;25;10;13;27;19;23;8;2;
Paquete 35 g;16/03/2023;6;13;25;11;22;17;2;15;13;
Paquete 35 g;04/01/2023;4;23;18;13;10;7;19;7;23;
Paquete 35 g;06/02/2023;11;14;8;29;8;9;12;4;12;
Paquete 35 g;19/06/2023;28;6;15;26;4;21;5;22;2;
Paquete 35 g;12/03/2023;22;13;26;17;5;14;1;18;28;
Paquete 35 g;05/06/2023;5;9;19;28;24;1;27;8;30;
Paquete 35 g;22/03/2023;6;26;28;16;3;9;15;11;9;
Paquete 35 g;11/06/2023;14;8;23;19;4;5;19;25;22;
Paquete 35 g;06/02/2023;7;11;21;2;25;16;17;13;1;
Paquete 35 g;05/03/2023;26;23;12;20;15;17;17;11;27;
Paquete 35 g;24/05/2023;14;8;2;20;29;2;25;5;18;
Paquete 35 g;29/05/2023;2;21;15;23;12;11;19;14;7;
Paquete 35 g;01/06/2023;27;14;23;8;9;13;2;22;26;
Paquete 35 g;13/04/2023;29;5;8;23;25;9;27;4;16;
Paquete 35 g;31/01/2023;3;30;30;20;23;25;18;12;5;
Paquete 35 g;16/03/2023;13;26;17;9;14;10;27;4;10;
Paquete 35 g;10/05/2023;13;17;19;9;27;30;20;9;26;
Paquete 35 g;25/04/2023;14;12;10;8;8;7;27;21;2;
Paquete 35 g;22/05/2023;11;6;5;3;4;29;19;22;15;
Paquete 35 g;02/03/2023;1;4;28;12;10;26;26;23;5;
Paquete 35 g;08/02/2023;15;14;29;5;16;16;26;11;19;
Paquete 35 g;09/06/2023;20;26;19;7;7;23;12;20;29;
Paquete 35 g;16/03/2023;5;24;10;3;7;17;5;26;2;
Paquete 35 g;19/01/2023;3;22;15;13;1;2;2;3;20;
Paquete 35 g;18/01/2023;1;11;6;17;15;18;20;27;5;
Paquete 35 g;01/05/2023;6;4;17;9;29;3;2;27;20;
Paquete 35 g;17/06/2023;3;11;21;21;21;6;25;6;5;
Paquete 35 g;04/02/2023;5;6;19;24;2;23;18;16;14;
Paquete 35 g;24/06/2023;13;4;23;23;1;30;11;18;9;
Paquete 35 g;16/03/2023;30;25;28;7;25;29;26;7;2;
Paquete 35 g;19/01/2023;20;17;28;26;9;12;2;5;5;
Paquete 35 g;02/01/2023;17;8;28;22;6;13;8;25;24;
Paquete 35 g;28/01/2023;26;18;21;30;16;25;11;15;14;
Paquete 35 g;28/02/2023;22;15;21;12;4;25;11;26;27;
Paquete 35 g;01/05/2023;29;15;17;22;9;26;2;17;28;
Paquete 35 g;19/04/2023;9;5;19;12;14;25;27;14;8;
Paquete 35 g;09/02/2023;4;27;22;16;23;16;14;2;28;
Paquete 35 g;19/04/2023;1;13;28;24;14;27;28;18;29;
Paquete 35 g;10/04/2023;7;15;9;9;5;19;29;8;5;
Paquete 35 g;17/01/2023;11;20;30;2;1;13;20;4;7;
Paquete 35 g;19/01/2023;7;21;2;19;4;6;4;10;20;
Paquete 35 g;17/06/2023;18;5;30;4;13;15;30;9;17;
Paquete 35 g;10/01/2023;28;22;14;13;29;8;18;19;20;
Paquete 35 g;05/06/2023;28;27;30;14;8;20;20;27;3;
Paquete 35 g;29/03/2023;3;11;22;18;29;6;22;21;12;
Paquete 35 g;15/03/2023;26;8;4;1;12;4;5;10;5;
Paquete 35 g;19/06/2023;20;28;5;3;19;6;20;2;15;
Paquete 35 g;27/03/2023;15;13;6;22;10;13;17;28;15;
Paquete 35 g;15/06/2023;10;26;7;6;21;22;25;8;12;
Paquete 35 g;21/03/2023;18;22;12;7;16;21;18;11;18;
Paquete 35 g;29/04/2023;21;1;15;2;26;29;14;21;9;
Paquete 35 g;13/06/2023;13;16;16;16;3;4;14;18;19;
Paquete 35 g;02/04/2023;26;2;28;28;14;12;13;30;3;
Paquete 35 g;16/06/2023;8;16;9;4;7;2;2;10;3;
Paquete 35 g;14/03/2023;1;10;18;19;24;4;13;30;30;
Paquete 35 g;06/05/2023;20;13;1;10;6;13;24;16;14;
Paquete 35 g;07/04/2023;18;23;25;14;12;16;2;10;1;
Paquete 35 g;23/01/2023;28;28;11;14;30;10;28;18;9;
Paquete 35 g;01/02/2023;20;3;28;11;24;2;13;29;8;
Paquete 35 g;01/07/2023;4;19;15;22;16;2;18;12;10;
Paquete 35 g;25/06/2023;21;3;16;27;27;17;5;6;4;
Paquete 35 g;28/03/2023;25;18;1;25;19;20;5;12;21;
Paquete 35 g;27/05/2023;28;26;18;20;13;12;13;1;20;
Paquete 35 g;30/01/2023;30;19;1;27;30;12;16;8;6;
Paquete 35 g;06/03/2023;9;18;14;8;15;23;10;11;28;
Paquete 35 g;17/01/2023;14;30;24;11;2;27;17;29;9;
Paquete 35 g;01/01/2023;10;21;10;5;21;19;11;23;16;
Paquete 35 g;15/06/2023;10;25;29;17;4;29;3;4;30;
Paquete 35 g;26/04/2023;13;15;23;18;2;19;8;27;7;
Paquete 35 g;10/03/2023;9;26;4;6;8;22;4;6;8;
Paquete 35 g;20/05/2023;6;11;14;8;22;4;3;30;18;
Paquete 35 g;18/06/2023;12;5;28;8;20;5;18;29;3;
Paquete 35 g;11/05/2023;24;9;7;14;8;14;29;6;21;
Paquete 35 g;17/05/2023;10;22;10;23;1;7;25;16;21;
Paquete 35 g;05/05/2023;10;29;26;16;17;6;27;27;12;
Paquete 35 g;28/03/2023;3;9;10;13;16;10;16;1;19;
Paquete 35 g;26/05/2023;9;11;28;24;16;26;28;30;20;
Paquete 35 g;24/03/2023;19;15;23;21;10;9;23;8;6;
Paquete 35 g;05/05/2023;12;8;6;24;16;12;7;8;5;
Paquete 35 g;16/03/2023;3;30;27;6;29;21;17;25;5;
Paquete 35 g;25/06/2023;15;6;29;16;5;3;24;30;16;
Paquete 35 g;15/01/2023;10;5;10;24;21;18;27;24;26;
Paquete 35 g;14/03/2023;7;21;21;23;10;23;7;23;16;
Paquete 35 g;07/01/2023;3;16;9;30;18;14;5;3;12;
Paquete 35 g;25/04/2023;19;4;29;29;22;8;19;16;9;
Paquete 35 g;27/03/2023;28;27;5;9;6;13;18;18;15;
Paquete 35 g;13/03/2023;12;27;14;9;23;15;23;19;18;
Paquete 35 g;25/06/2023;13;30;3;8;21;28;17;20;26;
Paquete 35 g;09/02/2023;25;1;2;18;2;8;14;2;26;
Paquete 35 g;03/05/2023;21;13;19;16;9;2;25;16;29;
Paquete 35 g;24/04/2023;16;30;26;22;14;5;4;24;26;
Paquete 35 g;27/02/2023;26;19;15;29;4;9;13;17;23;
Paquete 35 g;05/03/2023;15;15;11;7;11;9;25;2;30;
Paquete 35 g;12/03/2023;13;29;28;8;29;7;28;12;23;
Paquete 35 g;04/06/2023;20;29;13;11;29;5;4;10;16;
Paquete 35 g;07/03/2023;28;8;14;16;21;24;8;9;16;
Paquete 35 g;15/02/2023;24;16;30;30;23;7;21;1;14;
Paquete 35 g;30/03/2023;22;9;18;7;2;6;28;3;20;
Paquete 35 g;09/04/2023;30;8;14;27;23;18;24;10;10;
Paquete 35 g;29/04/2023;17;14;29;17;17;28;5;27;26;
Paquete 35 g;29/03/2023;16;15;9;2;3;11;10;20;9;
Paquete 35 g;20/06/2023;23;29;24;9;13;13;13;8;25;
Paquete 35 g;27/06/2023;25;4;27;11;4;12;17;16;10;
Paquete 35 g;25/06/2023;29;5;15;10;16;5;7;24;20;
Paquete 35 g;22/06/2023;13;16;8;11;23;24;7;28;16;
Paquete 35 g;06/03/2023;25;9;4;17;19;27;17;11;4;
Paquete 35 g;02/02/2023;14;11;6;20;21;29;3;5;15;
Paquete 35 g;04/03/2023;25;24;4;6;2;19;1;12;10;
Paquete 35 g;24/04/2023;28;12;9;10;20;2;15;16;13;
Paquete 35 g;31/03/2023;12;28;27;7;27;3;1;21;1;
Paquete 35 g;08/02/2023;21;4;23;29;5;5;12;30;29;
Paquete 35 g;22/06/2023;12;4;4;30;3;21;14;3;20;
Paquete 35 g;09/05/2023;10;19;18;27;4;3;6;22;29;
Paquete 35 g;04/03/2023;1;6;8;6;7;15;5;19;1;
Paquete 35 g;05/05/2023;24;23;12;15;11;2;16;19;28;
Paquete 35 g;13/04/2023;7;24;28;18;6;15;24;28;29;
Paquete 35 g;24/03/2023;18;27;1;3;29;13;6;20;16;
Paquete 35 g;26/05/2023;22;14;30;30;15;8;17;26;8;
Paquete 35 g;02/06/2023;21;16;1;24;3;14;17;18;7;
Paquete 35 g;26/02/2023;16;13;18;5;12;20;23;29;22;
Paquete 35 g;23/06/2023;8;15;2;20;8;19;13;18;19;
Paquete 35 g;30/04/2023;28;16;14;7;29;29;30;12;9;
Paquete 35 g;25/01/2023;30;30;29;8;20;10;4;26;6;
Paquete 35 g;16/04/2023;24;29;5;5;2;26;29;23;17;
Paquete 35 g;31/05/2023;13;6;29;23;27;5;10;17;25;
Paquete 35 g;22/02/2023;8;13;8;10;20;29;24;3;11;
Paquete 35 g;01/07/2023;21;5;3;2;6;19;22;20;17;
Paquete 35 g;19/02/2023;13;25;4;14;12;17;25;18;9;
Paquete 35 g;02/04/2023;4;9;19;19;14;21;21;15;23;
Paquete 35 g;28/03/2023;12;12;1;13;12;25;23;27;11;
Paquete 35 g;21/05/2023;2;21;14;6;12;3;8;5;5;
Paquete 35 g;07/06/2023;22;5;14;10;19;23;26;9;24;
Paquete 35 g;23/05/2023;28;26;14;26;6;17;28;24;23;
Paquete 35 g;03/03/2023;5;13;23;26;4;30;14;21;21;
Paquete 35 g;14/05/2023;12;3;14;2;4;23;21;8;8;
Paquete 35 g;08/03/2023;27;6;6;22;29;21;30;15;30;
Paquete 35 g;24/01/2023;30;7;22;22;14;21;22;23;30;
Paquete 35 g;10/03/2023;15;28;4;5;29;17;11;22;18;
Paquete 35 g;26/03/2023;20;14;3;20;25;10;14;14;4;
Paquete 35 g;22/06/2023;21;11;28;9;26;27;3;25;23;
Paquete 35 g;07/05/2023;21;18;17;11;13;21;25;27;10;
Paquete 35 g;04/01/2023;24;7;25;21;18;29;9;26;10;
Paquete 35 g;30/03/2023;3;24;19;19;26;19;25;11;8;
Paquete 35 g;08/01/2023;16;29;30;17;14;27;4;9;30;
Paquete 35 g;06/04/2023;1;21;17;22;12;22;20;13;12;
Paquete 35 g;29/06/2023;14;19;9;7;24;6;13;6;6;
Paquete 35 g;27/04/2023;13;8;18;9;24;14;21;13;23;
Paquete 35 g;29/06/2023;25;11;19;18;14;23;3;27;15;
Paquete 35 g;09/03/2023;27;16;23;7;17;5;12;18;5;
Paquete 35 g;17/03/2023;17;25;22;2;24;17;15;5;4;
Paquete 35 g;21/04/2023;5;23;21;4;12;7;3;1;2;
Paquete 35 g;01/02/2023;3;19;11;26;30;27;8;13;27;
Paquete 35 g;03/02/2023;28;4;19;15;7;29;15;26;24;
Paquete 35 g;05/01/2023;14;3;9;14;19;15;18;2;11;
Paquete 35 g;18/02/2023;29;11;27;4;13;5;13;21;5;
Paquete 35 g;13/05/2023;29;30;28;11;29;7;11;9;16;
Paquete 35 g;11/03/2023;26;3;6;22;25;21;29;15;24;
Paquete 35 g;24/06/2023;23;16;13;18;30;28;16;19;18;
Paquete 35 g;25/04/2023;4;12;2;29;3;5;6;11;20;
Paquete 35 g;14/01/2023;4;24;1;26;20;17;29;9;20;
Paquete 35 g;03/06/2023;29;29;14;27;25;9;9;13;3;
Paquete 35 g;16/01/2023;10;8;12;27;28;14;2;2;14;
Paquete 35 g;21/02/2023;29;18;30;21;17;22;23;19;30;
Paquete 35 g;08/02/2023;11;6;5;8;2;3;13;11;27;
Paquete 35 g;17/01/2023;24;10;11;9;28;25;27;5;24;
Paquete 35 g;13/03/2023;2;2;9;5;29;13;1;2;5;
Paquete 35 g;20/06/2023;2;26;30;22;30;23;25;15;3;
Paquete 35 g;20/03/2023;9;20;29;12;14;26;22;14;10;
Paquete 35 g;18/03/2023;17;5;17;28;15;22;5;30;14;
Paquete 35 g;09/01/2023;2;26;7;7;16;21;28;5;13;
Paquete 35 g;02/05/2023;18;19;27;5;18;17;26;9;8;
Paquete 35 g;13/02/2023;4;5;12;30;21;12;16;25;8;
Paquete 35 g;31/03/2023;24;19;15;14;23;29;7;23;20;
Paquete 35 g;21/05/2023;2;12;16;25;30;15;4;24;21;
Paquete 35 g;08/01/2023;9;17;1;27;12;12;18;18;22;
Paquete 35 g;26/06/2023;26;22;4;9;7;13;9;23;16;
Paquete 35 g;10/04/2023;11;10;7;16;6;7;13;2;21;
Paquete 35 g;27/06/2023;27;16;5;7;24;15;16;27;27;
Paquete 35 g;24/03/2023;13;27;18;29;24;7;8;11;24;
Paquete 35 g;14/04/2023;9;1;3;11;26;6;9;13;29;
Paquete 35 g;02/03/2023;6;14;5;30;14;15;21;1;4;
Paquete 35 g;09/02/2023;26;5;29;20;7;18;17;28;25;
Paquete 35 g;30/06/2023;17;16;1;10;17;24;29;1;6;
Paquete 35 g;19/06/2023;20;7;3;7;21;21;22;7;10;
Paquete 35 g;30/05/2023;27;15;12;26;6;7;7;18;10;
Paquete 35 g;26/04/2023;7;26;22;19;13;24;29;10;2;
Paquete 35 g;11/05/2023;15;22;14;16;20;25;29;27;6;
Paquete 35 g;08/04/2023;1;5;16;19;10;9;23;12;25;
Paquete 35 g;31/05/2023;20;8;13;21;29;5;17;19;3;
Paquete 35 g;03/02/2023;10;18;14;22;9;15;3;16;23;
Paquete 35 g;13/03/2023;11;17;11;27;16;5;30;20;2;
Paquete 35 g;23/04/2023;7;21;12;27;18;28;12;24;30;
Paquete 35 g;20/02/2023;20;19;23;2;12;1;9;9;16;
Paquete 35 g;04/06/2023;8;1;19;8;29;26;4;26;6;
Paquete 35 g;17/06/2023;8;18;21;11;28;4;29;13;21;
Paquete 35 g;02/03/2023;17;16;28;18;23;17;4;18;18;
Paquete 35 g;07/03/2023;23;24;6;17;19;23;25;4;29;
Paquete 35 g;25/01/2023;5;3;4;12;1;1;23;21;24;
Paquete 35 g;24/03/2023;24;11;13;29;14;25;27;17;24;
Paquete 35 g;20/01/2023;28;28;10;27;18;24;7;12;10;
Paquete 35 g;18/05/2023;16;18;2;3;30;1;9;10;10;
Paquete 35 g;03/05/2023;20;14;2;22;26;24;1;18;29;
Paquete 35 g;16/03/2023;4;1;19;22;24;9;3;22;25;
Paquete 35 g;25/06/2023;15;10;26;24;7;23;12;27;13;
Paquete 35 g;06/06/2023;21;9;2;3;11;11;30;25;23;
Paquete 35 g;02/02/2023;24;30;5;9;14;10;26;30;22;
Paquete 35 g;27/01/2023;20;20;5;13;18;1;15;22;10;
Paquete 35 g;01/04/2023;11;30;17;11;23;2;1;15;29;
Paquete 35 g;30/05/2023;4;15;22;8;25;5;10;25;1;
Paquete 35 g;25/01/2023;25;19;24;17;30;25;24;29;8;
Paquete 35 g;12/04/2023;3;13;11;11;4;11;10;9;2;
Paquete 35 g;01/04/2023;1;24;2;16;10;30;17;27;22;
Paquete 35 g;29/03/2023;7;2;12;1;4;17;27;18;20;
Paquete 35 g;12/06/2023;28;17;6;19;27;13;8;29;6;
Paquete 35 g;31/03/2023;28;18;11;25;24;12;1;3;4;
Paquete 35 g;10/01/2023;30;29;22;13;12;17;21;1;11;
Paquete 35 g;03/05/2023;6;1;9;14;20;9;23;13;2;
Paquete 35 g;13/05/2023;19;18;16;7;20;18;21;3;12;
Paquete 35 g;07/06/2023;14;24;22;10;8;13;12;10;20;
Paquete 35 g;18/01/2023;21;10;5;15;26;18;22;11;15;
Paquete 35 g;25/06/2023;5;25;22;27;24;17;3;25;27;
Paquete 35 g;04/05/2023;20;3;29;21;14;26;23;17;2;
Paquete 35 g;23/03/2023;11;14;22;7;8;19;17;8;10;
Paquete 35 g;17/06/2023;6;27;6;3;5;9;23;20;6;
Paquete 35 g;27/04/2023;1;11;8;10;17;25;11;2;27;
Paquete 35 g;30/06/2023;15;20;7;6;23;16;17;8;10;
Paquete 35 g;02/01/2023;18;12;15;15;6;20;12;11;13;
Paquete 35 g;03/05/2023;9;4;4;19;18;22;29;5;9;
Paquete 35 g;04/04/2023;12;15;1;2;28;15;23;15;10;
Paquete 35 g;17/06/2023;21;8;15;13;15;29;14;19;16;
Paquete 35 g;17/03/2023;3;20;28;14;13;15;18;21;29;
Paquete 35 g;26/06/2023;9;14;27;16;29;22;22;7;8;
Paquete 35 g;19/03/2023;11;28;5;9;25;3;15;16;6;
Paquete 35 g;04/01/2023;7;13;23;18;22;7;2;3;20;
Paquete 35 g;18/03/2023;10;2;5;18;7;8;25;29;7;
Paquete 35 g;04/06/2023;13;2;17;22;17;9;7;20;21;
Paquete 35 g;20/06/2023;11;5;2;22;17;27;30;8;30;
Paquete 35 g;03/03/2023;3;6;25;7;27;9;28;19;29;
Paquete 35 g;02/03/2023;18;27;14;28;19;27;4;22;4;
Paquete 35 g;20/04/2023;18;14;21;5;1;9;12;22;11;
Paquete 35 g;26/03/2023;11;5;13;29;13;23;11;21;18;
Paquete 35 g;04/05/2023;20;6;9;24;12;5;10;3;9;
Paquete 35 g;29/03/2023;27;19;11;9;18;1;7;28;12;
Paquete 35 g;19/01/2023;26;14;26;3;30;26;21;17;26;
Paquete 35 g;26/02/2023;24;22;13;6;18;5;13;7;10;
Paquete 35 g;17/06/2023;26;21;12;10;26;16;14;3;10;
Paquete 35 g;09/06/2023;8;15;28;24;29;22;28;30;3;
Paquete 35 g;01/05/2023;18;24;6;19;18;26;20;6;9;
Paquete 35 g;26/05/2023;7;13;6;9;9;18;18;25;24;
Paquete 35 g;03/04/2023;20;8;8;4;20;19;30;17;20;
Paquete 35 g;07/01/2023;28;1;21;17;8;13;6;11;7;
Paquete 35 g;15/06/2023;9;7;1;17;14;24;4;24;15;
Paquete 35 g;06/02/2023;15;29;26;26;9;19;8;13;27;
Paquete 35 g;24/05/2023;11;16;2;18;24;8;25;5;12;
Paquete 35 g;15/02/2023;14;27;2;30;9;21;16;8;15;
Paquete 35 g;13/02/2023;6;8;22;18;29;27;20;16;15;
Paquete 35 g;12/05/2023;28;7;15;20;14;15;20;9;14;
Paquete 35 g;28/02/2023;18;6;13;10;13;6;17;21;9;
Paquete 35 g;17/05/2023;7;14;27;20;3;22;30;1;18;
Paquete 35 g;18/03/2023;24;23;4;21;27;30;4;19;5;
Paquete 35 g;27/01/2023;5;21;14;9;1;15;18;20;11;
Paquete 35 g;20/06/2023;8;6;23;18;19;18;3;28;4;
Paquete 35 g;26/05/2023;28;2;2;20;19;25;18;4;11;
Paquete 35 g;02/01/2023;25;29;19;18;20;7;12;26;30;
Paquete 35 g;12/05/2023;21;16;21;11;14;21;12;12;21;
Paquete 35 g;23/03/2023;20;12;1;19;6;17;15;1;17;
Paquete 35 g;18/04/2023;19;8;24;3;24;27;2;30;20;
Paquete 35 g;16/02/2023;12;15;2;10;28;5;8;28;30;
Paquete 35 g;23/03/2023;19;2;16;25;6;4;23;12;29;
Paquete 35 g;16/02/2023;17;20;12;20;30;4;25;6;23;
Paquete 35 g;13/05/2023;1;4;1;24;3;4;19;15;26;
Paquete 35 g;01/06/2023;10;21;18;3;2;14;10;2;20;
Paquete 35 g;24/01/2023;22;20;4;22;20;23;16;23;6;
Paquete 35 g;24/03/2023;25;30;20;14;12;22;6;1;17;
Paquete 35 g;14/04/2023;2;26;25;27;1;7;10;10;29;
Paquete 35 g;16/06/2023;1;10;5;19;6;14;5;4;6;
Paquete 35 g;11/02/2023;4;23;23;13;27;9;5;20;14;
Paquete 35 g;02/06/2023;15;4;21;2;29;20;2;26;14;
Paquete 35 g;14/03/2023;6;18;18;14;25;17;22;1;26;
Paquete 35 g;17/02/2023;29;16;3;29;4;6;3;17;15;
Paquete 35 g;23/05/2023;26;7;14;29;11;28;17;29;18;
Paquete 35 g;21/02/2023;23;25;10;25;17;9;8;27;10;
Paquete 35 g;08/04/2023;23;7;22;12;4;10;4;5;21;
Paquete 35 g;07/04/2023;1;4;26;10;12;13;12;11;8;
Paquete 35 g;06/02/2023;5;23;9;14;9;28;5;22;1;
Paquete 35 g;24/01/2023;10;23;28;15;12;2;13;3;6;
Paquete 35 g;11/04/2023;25;9;6;10;17;27;8;7;6;
Paquete 35 g;28/06/2023;29;28;15;10;15;26;13;16;30;
Paquete 35 g;24/01/2023;15;10;6;30;23;11;17;5;30;
Paquete 35 g;22/01/2023;24;10;19;12;2;11;15;15;6;
Paquete 35 g;16/01/2023;20;22;3;7;3;11;15;29;23;
Paquete 35 g;05/06/2023;2;18;20;2;26;7;18;20;19;
Paquete 35 g;28/03/2023;13;27;12;23;8;24;6;2;7;
Paquete 35 g;06/01/2023;24;12;19;8;17;17;8;7;15;
Paquete 35 g;04/04/2023;21;7;21;20;7;16;3;15;15;
Paquete 35 g;01/06/2023;11;11;9;20;30;28;20;20;24;
Paquete 35 g;29/01/2023;5;10;18;28;5;22;5;2;4;
Paquete 35 g;14/04/2023;30;23;26;30;29;24;1;30;9;
Paquete 35 g;22/03/2023;15;7;15;25;4;19;23;6;13;
Paquete 35 g;26/05/2023;15;3;24;8;7;14;12;3;14;
Paquete 35 g;24/01/2023;2;5;12;24;8;13;12;9;14;
Paquete 35 g;22/04/2023;5;28;9;25;10;23;8;9;21;
Paquete 35 g;06/06/2023;13;25;6;20;25;3;6;5;28;
Paquete 35 g;11/03/2023;19;16;4;24;3;8;29;7;12;
Paquete 35 g;23/01/2023;2;29;6;16;15;18;1;17;1;
Paquete 35 g;11/04/2023;14;21;13;1;19;5;15;23;5;
Paquete 35 g;29/01/2023;5;12;5;14;20;28;4;30;29;
Paquete 35 g;03/03/2023;12;24;1;12;9;28;20;17;12;
Paquete 35 g;01/04/2023;20;8;2;28;19;28;22;4;5;
Paquete 35 g;27/03/2023;26;29;26;23;19;15;3;16;29;
Paquete 35 g;15/03/2023;8;27;28;20;7;4;28;6;10;
Paquete 35 g;01/01/2023;1;15;13;23;12;22;2;6;30;
Paquete 35 g;23/05/2023;27;21;15;25;27;2;4;21;30;
Paquete 35 g;11/02/2023;23;24;29;7;4;3;18;14;7;
Paquete 35 g;28/01/2023;2;24;18;18;7;8;26;12;12;
Paquete 35 g;02/01/2023;26;8;10;29;13;9;24;12;8;
Paquete 35 g;17/05/2023;13;1;6;28;16;20;5;23;8;
Paquete 35 g;19/02/2023;15;27;25;11;1;6;10;30;22;
Paquete 35 g;26/06/2023;11;7;8;13;20;29;18;17;24;
Paquete 35 g;09/02/2023;6;2;19;15;16;12;29;10;3;
Paquete 35 g;30/01/2023;19;3;9;22;15;11;12;29;16;
Paquete 35 g;30/05/2023;1;30;9;12;1;6;28;15;9;
Paquete 35 g;24/04/2023;18;22;25;16;22;30;9;4;21;
Paquete 35 g;30/04/2023;23;15;30;27;5;8;25;1;1;
Paquete 35 g;20/02/2023;18;11;13;7;21;28;24;19;13;
Paquete 35 g;09/04/2023;24;14;18;14;14;11;30;27;30;
Paquete 35 g;24/02/2023;22;26;9;13;1;7;29;11;29;
Paquete 35 g;03/03/2023;18;28;18;28;25;6;23;10;18;
Paquete 35 g;11/06/2023;17;8;16;27;27;15;3;21;3;
Paquete 35 g;23/03/2023;24;16;18;11;30;1;24;29;9;
Paquete 35 g;16/05/2023;9;12;15;25;4;25;12;30;26;
Paquete 35 g;10/03/2023;27;3;11;24;23;22;10;19;2;
Paquete 35 g;30/06/2023;20;21;30;29;25;16;22;20;14;
Paquete 35 g;01/04/2023;18;14;1;28;16;9;25;18;7;
Paquete 35 g;07/02/2023;24;23;8;20;30;7;18;19;17;
Paquete 35 g;20/04/2023;22;15;15;21;4;19;20;4;21;
Paquete 35 g;24/03/2023;11;12;5;9;22;24;4;26;12;
Paquete 35 g;13/06/2023;28;20;4;19;20;7;7;1;8;
Paquete 35 g;19/02/2023;19;19;28;22;5;23;22;23;6;
Paquete 35 g;18/01/2023;21;7;27;18;29;29;3;6;23;
Paquete 35 g;23/03/2023;25;18;15;4;6;28;16;15;23;
Paquete 35 g;19/04/2023;1;15;4;24;6;19;16;17;14;
Paquete 35 g;19/06/2023;8;18;13;24;27;15;7;26;20;
Paquete 35 g;22/02/2023;13;1;2;15;6;5;9;25;19;
Paquete 35 g;10/06/2023;6;26;17;30;19;3;24;17;4;
Paquete 35 g;09/04/2023;16;7;23;4;1;6;26;9;6;
Paquete 35 g;16/01/2023;17;8;7;10;14;3;22;16;12;
Paquete 35 g;06/06/2023;25;17;22;19;19;16;23;16;12;
Paquete 35 g;01/03/2023;21;18;9;21;30;11;28;11;21;
Paquete 35 g;11/01/2023;9;30;1;20;24;5;12;5;10;
Paquete 35 g;02/01/2023;11;3;22;27;12;15;10;8;6;
Paquete 35 g;07/03/2023;26;9;4;11;13;14;3;20;6;
Paquete 35 g;06/04/2023;21;26;4;1;3;16;16;14;7;
Paquete 35 g;19/03/2023;25;18;9;29;10;23;23;19;10;
Paquete 35 g;02/04/2023;29;29;10;21;27;8;6;10;27;
Paquete 35 g;18/01/2023;4;23;21;16;11;23;11;30;12;
Paquete 35 g;01/03/2023;9;16;18;22;28;11;6;6;28;
Paquete 35 g;29/01/2023;13;1;27;2;30;13;1;5;21;
Paquete 35 g;27/04/2023;2;10;11;25;25;26;24;12;22;
Paquete 35 g;10/01/2023;4;21;14;29;17;8;9;10;10;
Paquete 35 g;12/04/2023;1;2;17;17;8;25;8;10;6;
Paquete 35 g;13/01/2023;18;12;3;14;25;21;6;27;24;
Paquete 35 g;11/06/2023;25;12;30;14;17;13;18;29;25;
Paquete 35 g;06/04/2023;18;29;29;27;4;10;22;4;17;
Paquete 35 g;19/05/2023;19;24;9;19;17;14;17;29;7;
Paquete 35 g;19/02/2023;26;25;30;7;18;10;20;2;1;
Paquete 35 g;02/04/2023;22;8;1;14;8;15;23;1;6;
Paquete 35 g;05/01/2023;6;8;29;20;16;11;25;17;5;
Paquete 35 g;15/04/2023;9;12;30;2;5;5;8;5;13;
Paquete 35 g;20/04/2023;21;5;21;22;4;19;6;5;29;
Paquete 35 g;30/05/2023;11;18;27;28;17;11;9;9;16;
Paquete 35 g;16/04/2023;16;25;5;1;28;9;19;9;14;
Paquete 35 g;03/04/2023;24;15;17;9;20;13;27;28;10;
Paquete 35 g;26/06/2023;3;22;18;1;3;29;29;18;18;
Paquete 35 g;14/06/2023;13;14;15;13;10;23;7;13;24;
Paquete 35 g;19/05/2023;4;6;4;4;18;28;12;16;13;
Paquete 35 g;04/04/2023;29;1;23;18;13;15;26;20;6;
Paquete 35 g;12/05/2023;14;17;9;13;29;10;16;30;14;
Paquete 35 g;21/04/2023;7;6;26;25;1;18;13;18;4;
Paquete 35 g;15/05/2023;2;30;27;21;9;8;18;12;4;
Paquete 35 g;25/01/2023;21;17;20;30;19;8;29;13;16;
Paquete 35 g;25/05/2023;7;4;2;25;14;30;18;28;29;
Paquete 35 g;16/06/2023;6;9;18;30;26;14;7;23;29;
Paquete 35 g;12/02/2023;3;20;17;24;18;24;11;6;8;
Paquete 35 g;05/06/2023;30;14;18;3;18;23;15;28;11;
Paquete 35 g;16/03/2023;15;9;29;24;10;21;12;4;8;
Paquete 35 g;27/03/2023;21;5;11;19;19;30;8;13;5;
Paquete 35 g;22/05/2023;7;6;20;30;8;28;22;26;8;
Paquete 35 g;23/01/2023;26;8;26;14;29;19;17;15;15;
Paquete 35 g;08/01/2023;16;15;2;4;10;11;25;29;11;
Paquete 35 g;06/06/2023;13;16;18;12;4;9;15;15;22;
Paquete 35 g;22/03/2023;23;20;10;24;20;4;19;9;3;
Paquete 35 g;16/04/2023;3;25;4;23;18;10;17;20;8;